{"type": "FeatureCollection", "features": [{"type": "Feature", "properties": {"country": "france"}, "geometry": {"type": "MultiPolygon", "coordinates": [[[[2.5218, 51.087541], [2.537033, 51.06461], [2.547059, 51.020479], [2.55698, 51.001177], [2.592741, 50.976114], [2.60845, 50.961128], [2.611654, 50.941233], [2.605763, 50.935238], [2.582715, 50.920666], [2.576928, 50.911519], [2.596668, 50.867646], [2.595531, 50.861134], [2.58778, 50.850024], [2.586746, 50.845425], [2.58995, 50.842014], [2.602042, 50.838087], [2.60659, 50.834831], [2.615168, 50.82217], [2.620439, 50.816486], [2.627777, 50.814419], [2.642453, 50.812455], [2.650618, 50.812248], [2.669222, 50.813902], [2.67873, 50.81323], [2.691856, 50.808838], [2.69692, 50.80305], [2.700021, 50.79628], [2.706635, 50.788787], [2.743842, 50.766205], [2.749527, 50.75959], [2.762963, 50.739385], [2.768234, 50.733235], [2.786734, 50.723365], [2.866726, 50.700091], [2.871276, 50.698767], [2.886883, 50.696648], [2.900112, 50.703108], [2.930188, 50.736232], [2.948378, 50.748686], [2.971425, 50.757833], [3.023817, 50.768262], [3.103304, 50.784085], [3.129245, 50.779072], [3.146195, 50.768892], [3.162811, 50.749939], [3.176684, 50.734114], [3.188983, 50.715097], [3.196941, 50.709206], [3.210997, 50.707965], [3.224433, 50.705175], [3.232391, 50.695925], [3.24376, 50.672102], [3.229808, 50.65541], [3.237869, 50.626472], [3.264327, 50.570196], [3.265878, 50.538312], [3.271045, 50.526943], [3.286755, 50.514075], [3.299881, 50.507461], [3.343599, 50.49294], [3.361066, 50.489787], [3.385354, 50.491648], [3.429175, 50.501828], [3.442714, 50.508494], [3.452636, 50.514851], [3.462868, 50.51914], [3.477131, 50.519863], [3.491497, 50.517073], [3.498008, 50.511853], [3.496458, 50.503792], [3.486743, 50.492681], [3.499145, 50.48679], [3.563741, 50.486532], [3.586375, 50.483483], [3.608286, 50.476507], [3.62813, 50.464363], [3.644356, 50.445501], [3.652831, 50.406847], [3.652934, 50.360183], [3.661719, 50.319307], [3.696859, 50.298223], [3.700787, 50.304683], [3.702234, 50.305251], [3.703887, 50.304321], [3.708435, 50.306336], [3.711122, 50.309333], [3.715463, 50.317653], [3.733446, 50.337239], [3.741508, 50.34313], [3.755047, 50.346334], [3.798662, 50.348452], [3.84021, 50.345197], [3.86088, 50.338479], [3.878037, 50.330779], [3.895917, 50.325301], [3.918551, 50.325456], [3.982113, 50.342613], [4.0033, 50.34406], [4.022731, 50.338117], [4.055907, 50.314553], [4.077198, 50.306646], [4.097868, 50.294812], [4.125257, 50.25714], [4.143654, 50.251611], [4.150992, 50.256262], [4.149751, 50.263135], [4.150268, 50.269543], [4.162774, 50.272953], [4.171766, 50.270886], [4.185201, 50.26546], [4.197604, 50.258484], [4.203702, 50.251973], [4.201325, 50.241534], [4.191506, 50.234299], [4.167942, 50.222465], [4.157296, 50.212698], [4.152749, 50.204534], [4.147374, 50.186343], [4.128151, 50.146243], [4.125774, 50.128156], [4.139933, 50.123557], [4.15988, 50.129396], [4.170629, 50.130481], [4.180551, 50.127226], [4.197397, 50.084076], [4.203392, 50.074671], [4.210316, 50.066713], [4.210006, 50.06015], [4.186028, 50.05245], [4.162877, 50.041805], [4.144584, 50.030797], [4.137349, 50.025061], [4.132285, 50.017568], [4.128151, 50.005786], [4.132905, 50.004494], [4.138383, 49.989198], [4.139623, 49.974522], [4.132365, 49.974946], [4.131665, 49.974987], [4.187682, 49.955505], [4.201118, 49.953024], [4.215953, 49.954408], [4.277599, 49.960156], [4.427651, 49.933572], [4.435109, 49.93225], [4.464771, 49.935609], [4.604194, 49.980206], [4.645845, 49.984495], [4.656697, 49.989095], [4.665896, 50.000515], [4.672924, 50.01638], [4.680572, 50.048316], [4.679538, 50.055189], [4.675818, 50.060201], [4.67344, 50.066196], [4.676128, 50.076066], [4.681915, 50.083921], [4.788575, 50.153374], [4.815551, 50.161332], [4.820098, 50.146449], [4.831364, 50.1434], [4.862679, 50.147586], [4.871878, 50.139783], [4.870534, 50.122265], [4.86516, 50.101594], [4.862886, 50.084076], [4.852137, 50.091621], [4.84604, 50.09069], [4.827229, 50.064077], [4.826093, 50.055034], [4.827643, 50.046714], [4.826713, 50.036017], [4.788265, 49.974263], [4.783925, 49.958295], [4.797257, 49.944291], [4.844593, 49.931734], [4.860199, 49.913337], [4.861956, 49.900314], [4.859372, 49.891684], [4.854308, 49.883313], [4.848934, 49.871066], [4.845626, 49.865846], [4.836738, 49.859128], [4.834878, 49.85303], [4.836945, 49.848018], [4.846763, 49.837528], [4.849244, 49.831585], [4.849037, 49.794171], [4.858029, 49.786575], [4.884177, 49.784146], [4.906604, 49.786471], [4.950013, 49.796393], [4.968371, 49.796981], [4.970993, 49.797065], [4.98908, 49.790554], [5.026287, 49.766731], [5.046234, 49.759393], [5.081891, 49.752727], [5.093776, 49.745337], [5.136358, 49.705339], [5.151241, 49.695986], [5.169431, 49.687201], [5.192478, 49.682808], [5.237644, 49.690973], [5.259244, 49.691335], [5.280122, 49.677899], [5.299449, 49.662499], [5.306373, 49.647513], [5.301826, 49.643896], [5.293764, 49.640537], [5.290664, 49.626378], [5.293041, 49.617179], [5.297898, 49.613252], [5.314538, 49.611133], [5.32167, 49.61258], [5.326941, 49.617644], [5.331178, 49.623122], [5.334899, 49.625809], [5.3411, 49.625137], [5.352469, 49.620693], [5.383475, 49.613304], [5.391166, 49.608817], [5.402078, 49.602451], [5.450241, 49.545762], [5.454375, 49.536616], [5.454168, 49.526177], [5.450964, 49.516772], [5.44993, 49.507832], [5.456132, 49.498944], [5.477732, 49.495223], [5.503674, 49.505093], [5.528789, 49.517961], [5.547599, 49.523438], [5.578915, 49.51393], [5.587493, 49.512431], [5.602273, 49.513723], [5.60558, 49.517754], [5.607854, 49.524937], [5.619739, 49.53553], [5.644647, 49.543799], [5.667178, 49.54044], [5.688676, 49.533515], [5.710276, 49.531086], [5.722679, 49.5346], [5.735598, 49.545711], [5.746346, 49.549431], [5.757095, 49.548398], [5.779006, 49.539613], [5.790685, 49.537753], [5.822104, 49.510519], [5.839571, 49.499874], [5.864686, 49.492174], [5.928144, 49.482304], [5.946954, 49.469953], [5.9607, 49.441324], [5.978064, 49.445097], [6.06333, 49.448456], [6.078006, 49.452021], [6.087721, 49.461633], [6.099813, 49.46463], [6.102087, 49.470005], [6.101984, 49.476413], [6.107255, 49.48251], [6.114386, 49.484371], [6.142601, 49.486076], [6.13609, 49.495275], [6.193554, 49.499409], [6.221976, 49.497445], [6.249365, 49.490314], [6.251117, 49.48946], [6.298768, 49.466232], [6.325329, 49.456724], [6.345307, 49.455349], [6.353855, 49.45476], [6.3645, 49.456104], [6.383517, 49.46463], [6.391682, 49.466697], [6.402741, 49.465457], [6.494518, 49.435537], [6.511674, 49.424736], [6.517876, 49.416416], [6.520563, 49.408148], [6.520769, 49.402567], [6.518806, 49.402154], [6.52573, 49.395487], [6.574306, 49.361794], [6.577717, 49.3558], [6.573376, 49.347738], [6.555599, 49.34717], [6.550122, 49.338023], [6.556426, 49.326396], [6.573169, 49.313115], [6.639677, 49.271154], [6.641227, 49.266916], [6.63916, 49.256788], [6.640297, 49.252757], [6.645671, 49.250018], [6.659521, 49.246763], [6.663758, 49.243869], [6.671613, 49.225317], [6.674817, 49.221131], [6.675954, 49.218909], [6.677918, 49.211054], [6.680605, 49.207489], [6.685049, 49.207799], [6.698485, 49.213586], [6.702516, 49.213638], [6.70882, 49.197773], [6.703756, 49.185113], [6.700965, 49.172865], [6.713781, 49.158861], [6.725563, 49.155554], [6.770108, 49.155295], [6.809072, 49.145839], [6.821785, 49.147751], [6.839045, 49.162788], [6.835221, 49.179377], [6.827676, 49.195551], [6.833464, 49.209452], [6.843489, 49.211054], [6.885243, 49.204801], [6.914389, 49.206662], [6.925448, 49.205576], [6.987873, 49.182425], [7.009474, 49.181702], [7.008957, 49.146407], [7.020532, 49.118967], [7.042546, 49.107598], [7.073242, 49.12031], [7.074793, 49.125375], [7.071589, 49.130594], [7.070762, 49.136123], [7.079857, 49.142014], [7.085335, 49.141549], [7.123575, 49.123308], [7.139285, 49.117933], [7.154994, 49.114419], [7.241191, 49.113902], [7.268062, 49.105634], [7.274367, 49.105014], [7.280258, 49.108993], [7.2908, 49.123101], [7.297105, 49.128114], [7.305993, 49.130129], [7.326457, 49.131834], [7.334002, 49.13416], [7.339066, 49.139689], [7.3463, 49.15421], [7.350951, 49.159171], [7.367591, 49.165372], [7.371634, 49.166174], [7.391052, 49.170023], [7.410483, 49.168938], [7.414823, 49.157776], [7.458025, 49.155864], [7.476112, 49.151523], [7.482726, 49.137054], [7.475285, 49.133901], [7.472804, 49.131628], [7.471047, 49.12832], [7.485103, 49.118708], [7.507738, 49.094576], [7.520863, 49.083672], [7.542671, 49.074577], [7.586389, 49.069564], [7.60861, 49.061968], [7.615948, 49.055973], [7.625663, 49.043002], [7.634965, 49.037783], [7.644939, 49.036294], [7.648814, 49.035716], [7.660803, 49.037731], [7.672482, 49.041039], [7.685091, 49.042796], [7.69615, 49.041555], [7.717337, 49.036595], [7.726949, 49.035664], [7.739145, 49.037731], [7.762606, 49.046155], [7.773665, 49.048118], [7.856864, 49.032254], [7.913811, 49.036181], [7.931898, 49.034838], [8.090441, 48.979182], [8.18873, 48.965746], [8.200305, 48.958563], [8.199892, 48.95825], [8.179325, 48.942698], [8.148112, 48.903734], [8.10274, 48.821311], [8.090338, 48.807513], [8.08424, 48.804051], [8.04755, 48.791028], [8.038765, 48.79077], [8.036594, 48.788289], [8.031943, 48.785344], [8.027293, 48.780021], [8.025122, 48.770616], [8.022952, 48.765087], [8.017267, 48.761831], [8.009619, 48.760074], [7.981507, 48.759764], [7.970138, 48.757283], [7.964867, 48.748343], [7.963627, 48.729275], [7.959183, 48.721368], [7.948434, 48.71186], [7.935205, 48.703333], [7.92332, 48.698217], [7.895931, 48.676513], [7.880635, 48.667728], [7.864098, 48.664162], [7.852419, 48.658685], [7.810252, 48.615018], [7.801777, 48.582359], [7.801673, 48.54758], [7.813455, 48.526341], [7.813455, 48.519468], [7.788444, 48.506343], [7.776455, 48.498178], [7.771287, 48.489109], [7.76922, 48.470066], [7.764156, 48.460351], [7.757645, 48.453891], [7.75072, 48.444408], [7.745656, 48.433014], [7.738318, 48.406607], [7.737181, 48.393481], [7.740385, 48.381441], [7.746896, 48.368677], [7.75196, 48.355344], [7.75072, 48.341366], [7.736974, 48.326664], [7.718578, 48.319997], [7.702454, 48.311187], [7.69553, 48.29018], [7.693463, 48.269871], [7.687158, 48.252921], [7.676616, 48.2384], [7.613364, 48.179205], [7.60675, 48.166984], [7.604786, 48.152566], [7.599722, 48.144711], [7.5929, 48.138665], [7.585666, 48.129725], [7.578948, 48.11448], [7.572643, 48.094972], [7.575744, 48.053709], [7.618945, 48.002652], [7.621116, 47.97144], [7.611607, 47.959399], [7.584942, 47.940408], [7.579568, 47.92705], [7.580808, 47.910798], [7.578948, 47.906328], [7.572643, 47.896302], [7.568613, 47.891367], [7.561998, 47.887052], [7.559001, 47.882711], [7.557864, 47.878526], [7.558381, 47.875994], [7.559207, 47.873461], [7.559001, 47.869017], [7.564168, 47.850414], [7.561998, 47.839226], [7.548459, 47.834239], [7.542878, 47.829433], [7.528615, 47.797032], [7.525928, 47.783157], [7.53833, 47.748146], [7.537813, 47.731816], [7.531922, 47.725202], [7.515386, 47.713316], [7.511872, 47.707322], [7.514662, 47.685798], [7.517866, 47.675024], [7.521794, 47.670425], [7.536573, 47.665205], [7.550112, 47.652441], [7.572643, 47.622004], [7.578638, 47.61694], [7.585046, 47.613167], [7.590317, 47.607948], [7.592487, 47.598414], [7.59011, 47.594822], [7.586028, 47.584619], [7.585483, 47.584479], [7.550319, 47.575495], [7.526341, 47.566452], [7.520867, 47.563416], [7.482726, 47.542267], [7.485103, 47.541595], [7.501743, 47.532965], [7.505154, 47.533017], [7.505464, 47.523018], [7.501123, 47.517307], [7.493062, 47.515499], [7.482726, 47.516997], [7.476939, 47.514879], [7.475595, 47.511726], [7.477765, 47.507696], [7.484897, 47.5009], [7.485776, 47.498768], [7.48593, 47.498394], [7.485827, 47.495784], [7.484483, 47.492942], [7.482726, 47.491263], [7.46743, 47.481909], [7.454511, 47.483201], [7.445996, 47.486884], [7.441488, 47.488834], [7.425986, 47.492503], [7.414307, 47.490177], [7.41441, 47.484028], [7.419474, 47.477852], [7.422782, 47.475424], [7.427639, 47.470747], [7.429293, 47.465114], [7.426089, 47.455761], [7.420563, 47.450857], [7.406349, 47.438242], [7.388219, 47.433289], [7.378547, 47.430646], [7.33693, 47.431854], [7.309093, 47.432661], [7.282635, 47.428889], [7.244808, 47.417727], [7.23809, 47.416797], [7.230339, 47.419019], [7.226308, 47.422636], [7.223517, 47.426228], [7.219383, 47.428476], [7.190031, 47.434728], [7.168327, 47.443565], [7.162642, 47.459895], [7.180833, 47.488265], [7.153651, 47.486405], [7.142169, 47.487651], [7.140318, 47.487852], [7.127296, 47.492942], [7.103731, 47.496275], [7.053915, 47.490384], [7.027974, 47.492942], [7.018879, 47.49767], [7.009784, 47.499247], [7.000792, 47.49767], [6.991904, 47.492942], [6.9733, 47.489092], [6.97578, 47.477956], [6.986116, 47.464132], [6.990973, 47.452221], [6.983429, 47.443798], [6.968546, 47.435194], [6.952319, 47.428837], [6.926068, 47.424858], [6.924517, 47.405996], [6.898783, 47.395713], [6.884003, 47.382587], [6.871601, 47.366955], [6.86664, 47.354165], [6.985599, 47.362123], [7.003996, 47.368143], [7.018879, 47.359901], [7.033865, 47.350651], [7.044303, 47.340497], [7.036552, 47.329515], [7.027147, 47.325433], [7.016915, 47.323521], [7.006476, 47.319361], [6.991904, 47.305951], [6.986529, 47.304504], [6.977434, 47.303729], [6.958624, 47.290551], [6.952216, 47.270036], [6.956247, 47.245231], [6.888344, 47.211305], [6.859302, 47.190919], [6.840285, 47.169525], [6.838076, 47.168132], [6.774759, 47.128184], [6.744787, 47.121053], [6.746027, 47.103948], [6.731661, 47.098883], [6.72794, 47.097126], [6.72422, 47.09077], [6.699105, 47.084621], [6.6897, 47.07829], [6.676264, 47.0624], [6.688253, 47.043848], [6.665412, 47.021291], [6.598698, 46.986539], [6.491107, 46.963388], [6.442635, 46.944164], [6.427752, 46.909076], [6.431886, 46.900032], [6.445219, 46.882617], [6.448422, 46.871559], [6.446769, 46.857709], [6.443118, 46.851455], [6.441188, 46.848149], [6.434263, 46.839545], [6.418554, 46.807015], [6.417107, 46.802157], [6.419897, 46.796525], [6.425168, 46.791615], [6.432609, 46.785983], [6.433023, 46.76911], [6.429199, 46.760816], [6.417933, 46.751101], [6.407391, 46.745701], [6.374215, 46.733609], [6.34786, 46.71317], [6.337938, 46.707409], [6.266315, 46.680356], [6.131853, 46.595607], [6.118417, 46.583463], [6.121517, 46.570285], [6.145702, 46.55163], [6.110355, 46.520831], [6.075525, 46.479593], [6.064157, 46.471118], [6.060229, 46.46502], [6.060229, 46.459904], [6.0624, 46.455202], [6.064777, 46.451068], [6.0655, 46.447993], [6.0655, 46.440371], [6.067567, 46.433601], [6.065707, 46.427012], [6.054235, 46.419416], [6.059019, 46.417383], [6.108185, 46.396497], [6.122861, 46.385542], [6.135057, 46.370401], [6.1364, 46.359342], [6.118607, 46.331771], [6.104051, 46.309216], [6.100743, 46.301413], [6.093612, 46.273094], [6.093095, 46.262294], [6.094026, 46.253044], [6.089685, 46.246377], [6.067671, 46.241623], [6.061883, 46.241158], [6.055888, 46.241675], [6.048033, 46.243432], [6.046173, 46.243535], [6.044519, 46.243432], [6.042866, 46.24307], [5.982921, 46.222709], [5.95853, 46.211961], [5.954809, 46.19992], [5.965248, 46.186226], [5.982921, 46.170826], [5.979821, 46.162248], [5.972172, 46.152171], [5.95884, 46.130467], [5.982921, 46.140441], [6.028293, 46.147934], [6.073872, 46.149174], [6.107875, 46.138632], [6.140328, 46.150207], [6.191384, 46.191704], [6.255359, 46.221107], [6.281198, 46.240073], [6.27603, 46.26312], [6.269002, 46.265239], [6.252259, 46.259916], [6.24182, 46.263689], [6.237583, 46.267926], [6.227971, 46.284463], [6.227454, 46.288494], [6.218256, 46.305495], [6.214122, 46.315469], [6.219496, 46.329111], [6.24058, 46.348955], [6.269105, 46.375026], [6.301558, 46.394482], [6.332357, 46.401381], [6.365223, 46.40244], [6.397676, 46.408176], [6.482942, 46.448587], [6.547021, 46.457372], [6.613684, 46.455899], [6.762667, 46.42926], [6.777716, 46.424106], [6.787058, 46.414171], [6.788107, 46.405008], [6.789229, 46.395205], [6.782097, 46.378462], [6.755742, 46.357068], [6.750368, 46.345518], [6.769488, 46.322678], [6.804938, 46.296607], [6.827676, 46.269477], [6.792226, 46.221676], [6.774863, 46.185864], [6.765664, 46.151603], [6.774346, 46.134808], [6.853927, 46.122612], [6.869224, 46.112329], [6.86819, 46.10468], [6.861162, 46.097032], [6.853101, 46.090211], [6.848553, 46.085043], [6.851344, 46.086025], [6.853101, 46.076103], [6.853411, 46.065665], [6.851964, 46.064683], [6.852377, 46.056931], [6.85031, 46.052746], [6.85093, 46.049645], [6.859715, 46.044994], [6.869224, 46.044064], [6.876872, 46.048095], [6.884003, 46.053211], [6.892375, 46.055588], [6.915112, 46.048612], [6.982808, 45.995385], [6.987666, 45.993111], [6.991283, 45.982466], [7.002756, 45.961692], [7.009784, 45.943398], [7.015158, 45.933321], [7.022083, 45.92526], [7.007717, 45.920506], [6.997175, 45.911307], [6.989113, 45.899267], [6.982808, 45.885779], [6.969166, 45.869759], [6.949012, 45.857822], [6.926378, 45.849761], [6.905087, 45.845368], [6.880386, 45.845523], [6.873461, 45.8448], [6.872736, 45.83968], [6.871699, 45.832767], [6.870662, 45.828273], [6.864441, 45.826891], [6.858564, 45.833458], [6.851997, 45.836223], [6.843356, 45.838643], [6.816204, 45.832914], [6.800804, 45.826455], [6.788092, 45.811727], [6.782717, 45.795294], [6.781994, 45.777465], [6.784681, 45.759585], [6.795946, 45.718141], [6.8161, 45.69685], [6.843075, 45.682742], [6.869224, 45.679022], [6.882556, 45.675508], [6.905294, 45.659695], [6.918626, 45.652563], [6.951079, 45.646776], [6.963378, 45.640729], [6.969476, 45.625847], [6.967099, 45.620162], [6.955627, 45.602592], [6.952939, 45.594272], [6.954903, 45.586211], [6.965859, 45.574429], [6.969786, 45.566987], [6.975264, 45.525646], [6.982808, 45.511125], [7.02849, 45.493142], [7.072002, 45.470042], [7.075369, 45.466286], [7.081821, 45.459087], [7.088745, 45.446633], [7.096807, 45.435419], [7.110139, 45.428288], [7.152927, 45.41511], [7.160679, 45.410924], [7.159645, 45.39847], [7.150757, 45.383226], [7.130086, 45.357078], [7.097737, 45.329844], [7.092569, 45.323953], [7.097634, 45.294962], [7.108382, 45.274912], [7.108382, 45.259202], [7.0812, 45.243079], [7.062183, 45.218533], [7.055466, 45.213675], [7.050195, 45.215019], [7.037689, 45.225768], [7.029731, 45.228197], [6.994487, 45.221324], [6.958727, 45.2098], [6.945808, 45.201066], [6.928445, 45.179569], [6.913769, 45.170164], [6.904674, 45.168614], [6.881316, 45.168407], [6.873461, 45.165926], [6.86819, 45.157451], [6.872841, 45.152025], [6.878629, 45.147426], [6.876665, 45.141225], [6.844109, 45.130115], [6.808142, 45.139106], [6.771452, 45.153162], [6.736415, 45.157348], [6.72887, 45.154609], [6.710887, 45.144739], [6.702205, 45.141225], [6.694351, 45.140295], [6.676264, 45.14076], [6.667376, 45.139623], [6.632701, 45.125515], [6.629385, 45.123545], [6.614614, 45.114767], [6.602728, 45.10345], [6.620298, 45.084433], [6.636576, 45.074459], [6.638127, 45.067431], [6.63699, 45.059421], [6.639677, 45.050378], [6.651666, 45.03565], [6.662208, 45.029242], [6.697245, 45.026917], [6.723496, 45.013378], [6.729904, 44.984697], [6.72794, 44.928732], [6.745407, 44.907803], [6.77817, 44.887649], [6.847106, 44.859072], [6.86602, 44.855661], [6.915319, 44.862689], [6.932682, 44.861656], [6.982808, 44.846979], [7.000792, 44.832975], [7.004926, 44.827963], [7.007096, 44.822071], [7.006786, 44.819023], [7.005856, 44.816335], [7.00596, 44.811529], [7.004099, 44.810806], [6.999138, 44.795045], [6.998415, 44.793753], [7.009784, 44.7721], [7.015158, 44.747399], [7.018982, 44.738872], [7.049368, 44.697893], [7.055155, 44.684871], [7.037275, 44.684612], [7.001205, 44.69226], [6.982808, 44.692157], [6.959864, 44.683165], [6.941467, 44.66699], [6.934336, 44.646682], [6.945601, 44.625443], [6.931649, 44.61795], [6.897336, 44.57542], [6.846383, 44.547463], [6.835737, 44.534027], [6.838838, 44.502918], [6.861266, 44.474909], [6.891651, 44.451965], [6.9178, 44.436307], [6.88421, 44.423026], [6.877182, 44.414396], [6.86881, 44.383183], [6.86633, 44.377189], [6.866123, 44.372125], [6.869844, 44.362926], [6.873978, 44.358379], [6.895992, 44.339827], [6.903847, 44.330008], [6.915629, 44.3097], [6.92121, 44.302155], [6.930202, 44.295385], [6.950046, 44.285102], [6.959244, 44.27735], [6.965549, 44.267532], [6.968856, 44.258178], [6.973403, 44.249445], [6.982808, 44.241745], [6.996141, 44.237818], [7.008027, 44.239213], [7.020016, 44.242107], [7.033451, 44.242934], [7.04606, 44.240298], [7.104868, 44.217767], [7.144969, 44.207225], [7.251319, 44.160045], [7.270129, 44.154309], [7.296174, 44.151156], [7.3093, 44.147487], [7.316225, 44.140201], [7.321599, 44.131881], [7.331004, 44.125266], [7.340616, 44.123664], [7.38082, 44.122941], [7.554763, 44.159063], [7.583599, 44.160716], [7.624733, 44.180095], [7.655636, 44.176064], [7.64189, 44.14356], [7.654085, 44.124956], [7.676203, 44.108988], [7.687943, 44.090799], [7.691912, 44.084649], [7.689949, 44.067337], [7.678787, 44.056588], [7.664317, 44.048579], [7.653362, 44.03969], [7.646954, 44.027495], [7.638686, 44.005067], [7.630934, 43.993543], [7.60861, 43.975611], [7.556934, 43.944089], [7.53678, 43.920783], [7.493475, 43.886237], [7.477869, 43.865515], [7.482726, 43.840219], [7.502289, 43.792222], [7.489106, 43.785468], [7.484874, 43.785386], [7.480724, 43.785834], [7.47641, 43.784491], [7.475759, 43.780829], [7.477306, 43.768134], [7.47641, 43.764635], [7.468435, 43.761705], [7.462657, 43.762112], [7.454345, 43.757117], [7.445974, 43.749845], [7.437454, 43.743361], [7.426246, 43.755464], [7.406969, 43.763506], [7.387538, 43.757899], [7.372655, 43.745832], [7.367263, 43.734125], [7.36575, 43.72273], [7.353184, 43.715691], [7.342296, 43.707831], [7.338064, 43.69831], [7.330533, 43.686424], [7.319002, 43.68525], [7.300904, 43.687689], [7.280253, 43.693326], [7.257273, 43.691648], [7.241675, 43.684869], [7.228509, 43.674196], [7.231814, 43.66347], [7.213805, 43.648673], [7.203791, 43.64436], [7.196677, 43.656917], [7.177651, 43.660109], [7.164595, 43.656061], [7.151622, 43.654771], [7.144216, 43.645453], [7.136567, 43.641181], [7.133067, 43.633857], [7.126154, 43.605833], [7.132091, 43.578803], [7.132579, 43.573554], [7.136242, 43.562459], [7.138916, 43.55402], [7.125511, 43.547768], [7.112941, 43.564544], [7.104324, 43.568294], [7.088427, 43.568674], [7.071052, 43.560805], [7.058108, 43.549885], [7.045078, 43.542143], [7.037202, 43.536264], [7.030634, 43.547889], [7.014468, 43.547087], [6.993819, 43.548906], [6.9756, 43.546946], [6.962087, 43.540107], [6.945203, 43.527253], [6.940888, 43.51246], [6.949555, 43.50788], [6.948985, 43.507392], [6.953805, 43.504616], [6.954299, 43.500106], [6.92508, 43.472761], [6.920372, 43.449012], [6.898242, 43.437999], [6.894028, 43.427628], [6.871072, 43.426093], [6.869672, 43.432052], [6.86656, 43.435456], [6.862957, 43.439362], [6.857988, 43.436176], [6.856098, 43.428729], [6.860136, 43.415868], [6.846672, 43.412577], [6.834826, 43.415811], [6.818843, 43.416072], [6.78305, 43.408635], [6.772974, 43.418454], [6.757086, 43.422687], [6.746501, 43.417906], [6.731146, 43.407847], [6.732824, 43.382079], [6.717784, 43.366889], [6.717838, 43.350604], [6.693931, 43.348372], [6.674571, 43.346381], [6.666026, 43.333197], [6.661306, 43.322333], [6.652029, 43.314927], [6.624629, 43.295913], [6.597243, 43.284007], [6.590892, 43.268898], [6.611672, 43.264288], [6.672358, 43.276196], [6.693374, 43.272973], [6.698022, 43.265457], [6.685395, 43.248037], [6.668356, 43.239536], [6.665403, 43.22129], [6.671978, 43.213609], [6.679801, 43.201553], [6.6604, 43.190412], [6.640391, 43.18183], [6.629161, 43.179877], [6.609874, 43.173407], [6.599457, 43.174994], [6.59547, 43.179877], [6.593272, 43.18773], [6.581276, 43.184374], [6.563718, 43.184449], [6.539912, 43.182204], [6.536427, 43.172544], [6.526714, 43.160567], [6.505683, 43.150971], [6.479163, 43.15606], [6.451332, 43.152719], [6.422018, 43.152342], [6.401679, 43.146938], [6.378541, 43.136079], [6.36608, 43.118635], [6.369878, 43.105519], [6.375371, 43.090841], [6.342258, 43.090763], [6.328868, 43.099921], [6.325694, 43.104193], [6.306202, 43.109413], [6.280374, 43.118666], [6.25347, 43.120875], [6.219702, 43.116548], [6.193198, 43.108773], [6.178664, 43.102856], [6.162934, 43.092597], [6.153168, 43.071967], [6.152768, 43.048107], [6.17133, 43.042325], [6.18542, 43.045444], [6.180072, 43.035922], [6.154462, 43.033751], [6.097694, 43.031261], [6.088517, 43.034849], [6.103031, 43.040781], [6.119254, 43.04515], [6.132066, 43.052638], [6.129088, 43.071362], [6.109662, 43.084316], [6.091933, 43.082903], [6.044523, 43.078208], [6.027008, 43.078195], [6.01652, 43.098936], [5.991732, 43.102347], [5.958652, 43.102168], [5.934093, 43.113593], [5.936534, 43.119452], [5.938243, 43.129096], [5.940929, 43.134019], [5.92449, 43.134345], [5.908539, 43.131293], [5.879405, 43.120429], [5.896251, 43.115424], [5.91061, 43.093204], [5.927252, 43.087601], [5.951379, 43.079978], [5.940288, 43.07091], [5.917208, 43.072742], [5.887956, 43.072226], [5.875336, 43.068793], [5.856605, 43.044829], [5.81896, 43.053469], [5.790242, 43.069931], [5.781873, 43.079118], [5.802896, 43.08889], [5.818085, 43.09909], [5.811465, 43.106725], [5.800564, 43.111849], [5.783407, 43.114598], [5.78084, 43.123334], [5.776127, 43.130811], [5.760558, 43.131982], [5.741012, 43.132063], [5.696299, 43.146875], [5.687673, 43.16885], [5.673919, 43.179889], [5.655221, 43.18559], [5.634213, 43.187229], [5.622903, 43.176727], [5.61242, 43.160429], [5.588262, 43.167979], [5.572706, 43.169148], [5.558974, 43.181578], [5.547246, 43.193859], [5.537836, 43.20739], [5.524952, 43.212629], [5.514336, 43.20774], [5.504176, 43.205659], [5.459833, 43.208519], [5.439754, 43.207646], [5.409515, 43.211292], [5.395311, 43.212341], [5.370337, 43.207859], [5.34698, 43.215899], [5.350597, 43.233588], [5.35377, 43.243801], [5.36085, 43.253974], [5.369151, 43.270413], [5.357343, 43.280345], [5.355968, 43.29206], [5.351817, 43.297919], [5.338883, 43.334289], [5.294173, 43.355472], [5.238279, 43.328041], [5.163237, 43.329314], [5.125174, 43.325769], [5.064795, 43.328019], [5.034022, 43.335476], [5.013936, 43.357921], [5.005572, 43.381628], [5.026134, 43.409329], [5.05714, 43.422065], [5.146169, 43.422065], [5.173839, 43.42829], [5.192882, 43.439521], [5.213552, 43.457831], [5.226329, 43.480292], [5.22283, 43.503974], [5.193614, 43.489936], [5.165538, 43.482489], [5.139985, 43.485785], [5.118419, 43.503974], [5.111501, 43.519355], [5.11085, 43.527899], [5.105724, 43.533026], [5.084972, 43.538153], [5.077403, 43.538886], [5.053722, 43.538153], [5.049571, 43.541449], [5.03533, 43.555732], [5.029145, 43.55858], [5.022309, 43.552191], [5.01588, 43.538764], [5.010997, 43.525092], [5.009288, 43.517646], [5.014659, 43.498725], [5.023692, 43.490465], [5.035818, 43.485582], [5.050304, 43.476711], [5.062266, 43.451646], [5.051117, 43.429267], [5.027599, 43.416978], [4.998466, 43.414699], [4.983084, 43.41706], [4.928477, 43.440131], [4.903168, 43.431627], [4.892589, 43.42536], [4.868175, 43.421454], [4.858409, 43.415229], [4.850271, 43.401435], [4.854991, 43.396186], [4.864891, 43.3779], [4.867532, 43.365112], [4.901005, 43.366965], [4.877189, 43.350782], [4.855778, 43.341779], [4.850823, 43.358929], [4.833263, 43.381985], [4.791759, 43.399115], [4.757823, 43.422349], [4.742442, 43.448717], [4.744965, 43.507392], [4.742442, 43.524482], [4.736176, 43.539496], [4.725841, 43.556789], [4.711925, 43.571519], [4.694591, 43.579088], [4.694591, 43.572903], [4.724376, 43.538398], [4.72877, 43.527899], [4.72877, 43.456204], [4.742524, 43.422553], [4.769705, 43.401923], [4.800059, 43.386054], [4.823019, 43.367169], [4.820279, 43.346356], [4.791247, 43.345222], [4.665886, 43.347541], [4.592336, 43.359889], [4.566289, 43.371094], [4.565544, 43.387949], [4.585704, 43.404242], [4.588044, 43.416891], [4.579594, 43.430066], [4.555208, 43.443266], [4.513031, 43.455797], [4.409419, 43.447741], [4.205903, 43.459906], [4.181651, 43.463772], [4.16033, 43.471503], [4.132823, 43.487047], [4.117198, 43.510484], [4.132823, 43.532782], [4.131196, 43.536241], [4.105317, 43.551866], [4.047455, 43.556138], [3.990896, 43.550849], [3.952973, 43.539944], [3.939301, 43.532538], [3.739919, 43.412828], [3.622162, 43.374905], [3.589692, 43.354885], [3.513357, 43.281073], [3.492361, 43.274319], [3.452403, 43.288764], [3.428396, 43.285468], [3.385427, 43.283922], [3.317719, 43.263088], [3.244314, 43.219428], [3.22755, 43.20425], [3.220958, 43.195217], [3.207286, 43.186632], [3.195893, 43.176663], [3.178722, 43.165229], [3.165945, 43.152411], [3.15447, 43.135281], [3.135997, 43.121039], [3.114024, 43.106309], [3.104177, 43.087795], [3.096039, 43.072577], [3.086029, 43.054023], [3.070404, 43.026923], [3.063243, 43.008368], [3.056082, 42.992703], [3.046153, 42.964179], [3.038992, 42.942776], [3.04184, 42.932807], [3.054698, 42.92711], [3.056082, 42.907131], [3.047537, 42.847235], [3.040457, 42.790188], [3.038992, 42.750271], [3.043305, 42.724595], [3.037608, 42.683214], [3.04184, 42.629055], [3.046153, 42.587673], [3.05185, 42.554877], [3.066091, 42.54206], [3.087494, 42.534939], [3.114594, 42.530626], [3.13738, 42.524929], [3.145925, 42.51496], [3.145925, 42.503526], [3.143077, 42.492133], [3.150238, 42.482164], [3.160248, 42.475043], [3.175873, 42.456488], [3.18157, 42.435085], [3.18097, 42.431484], [3.137824, 42.425939], [3.111675, 42.425008], [3.086147, 42.427179], [3.06558, 42.432011], [3.053591, 42.437643], [3.043876, 42.445266], [3.036021, 42.454619], [3.029613, 42.465652], [3.022998, 42.467047], [2.99375, 42.467616], [2.983104, 42.469321], [2.966051, 42.461001], [2.933702, 42.470225], [2.900835, 42.45126], [2.884092, 42.449193], [2.866936, 42.449632], [2.850813, 42.448366], [2.834793, 42.441312], [2.804614, 42.419557], [2.788594, 42.412012], [2.767717, 42.409557], [2.728546, 42.414027], [2.708082, 42.41289], [2.690409, 42.406172], [2.648241, 42.381471], [2.640283, 42.372841], [2.649378, 42.353721], [2.66178, 42.34336], [2.662194, 42.339019], [2.635425, 42.337882], [2.613411, 42.340957], [2.567419, 42.352636], [2.548092, 42.352248], [2.540341, 42.346977], [2.531969, 42.330776], [2.525251, 42.325893], [2.514812, 42.325661], [2.50365, 42.328451], [2.483393, 42.336978], [2.464893, 42.340621], [2.445566, 42.351964], [2.429856, 42.367544], [2.422518, 42.383693], [2.406602, 42.384262], [2.375493, 42.389326], [2.317305, 42.409609], [2.305316, 42.416973], [2.277411, 42.428626], [2.245992, 42.426119], [2.184187, 42.411805], [2.136954, 42.416223], [2.121038, 42.410617], [2.116284, 42.405397], [2.108739, 42.390644], [2.103985, 42.38483], [2.08011, 42.371265], [2.063264, 42.357907], [2.051688, 42.352351], [2.035255, 42.349251], [2.00921, 42.34708], [1.995671, 42.348682], [1.983372, 42.354548], [1.963735, 42.367234], [1.954227, 42.382685], [1.941101, 42.420099], [1.927458, 42.436894], [1.911955, 42.441958], [1.893248, 42.442733], [1.869787, 42.44679], [1.813667, 42.475238], [1.792686, 42.481723], [1.730571, 42.488054], [1.712174, 42.493712], [1.712691, 42.496787], [1.711967, 42.499293], [1.710004, 42.501335], [1.707006, 42.502781], [1.710624, 42.527741], [1.721683, 42.548515], [1.739976, 42.561641], [1.765091, 42.563372], [1.761107, 42.567646], [1.752688, 42.576679], [1.729434, 42.582001], [1.713311, 42.589546], [1.721993, 42.609855], [1.608304, 42.618123], [1.597349, 42.621921], [1.543089, 42.649362], [1.527793, 42.648535], [1.49844, 42.640241], [1.466814, 42.641455], [1.451415, 42.602052], [1.429297, 42.595386], [1.414828, 42.609338], [1.397981, 42.643626], [1.378758, 42.663237], [1.361084, 42.686724], [1.352713, 42.690057], [1.343308, 42.690444], [1.338243, 42.694449], [1.342584, 42.70866], [1.319123, 42.713363], [1.195927, 42.713647], [1.162544, 42.705689], [1.151485, 42.706723], [1.134328, 42.715973], [1.124096, 42.729744], [1.116552, 42.745247], [1.106733, 42.759613], [1.08906, 42.771318], [1.068182, 42.776124], [0.982916, 42.780361], [0.975268, 42.783746], [0.958732, 42.79372], [0.950257, 42.796123], [0.940025, 42.793668], [0.93062, 42.788035], [0.921111, 42.784366], [0.910363, 42.787674], [0.894446, 42.799327], [0.885765, 42.804236], [0.856102, 42.812763], [0.812901, 42.831624], [0.795744, 42.833847], [0.776314, 42.832451], [0.758847, 42.835268], [0.724327, 42.845293], [0.706757, 42.846585], [0.679369, 42.845112], [0.656321, 42.83842], [0.651567, 42.824054], [0.653737, 42.802686], [0.639681, 42.774677], [0.65074, 42.763386], [0.643299, 42.759071], [0.639578, 42.754833], [0.63348, 42.744782], [0.64764, 42.741036], [0.659629, 42.729899], [0.66645, 42.714758], [0.665416, 42.698661], [0.663426, 42.696214], [0.656735, 42.68799], [0.643609, 42.684476], [0.608159, 42.68799], [0.483515, 42.685303], [0.466927, 42.690444], [0.42879, 42.683029], [0.409282, 42.682254], [0.389283, 42.685148], [0.3844, 42.688584], [0.383676, 42.692692], [0.384012, 42.696852], [0.381816, 42.700108], [0.354169, 42.717497], [0.336031, 42.712691], [0.318306, 42.699539], [0.290245, 42.670291], [0.275388, 42.668689], [0.259808, 42.682383], [0.238362, 42.710366], [0.222394, 42.716205], [0.169168, 42.726463], [0.152941, 42.724603], [0.134183, 42.715223], [0.072843, 42.70848], [-0.00431, 42.687525], [-0.038933, 42.685148], [-0.078414, 42.696671], [-0.084202, 42.70109], [-0.088853, 42.706128], [-0.095752, 42.710676], [-0.10849, 42.713363], [-0.119032, 42.716851], [-0.121822, 42.723311], [-0.123114, 42.730364], [-0.129238, 42.735894], [-0.145723, 42.745893], [-0.157789, 42.760699], [-0.163629, 42.777984], [-0.161407, 42.795348], [-0.17939, 42.789741], [-0.208355, 42.783875], [-0.235149, 42.786227], [-0.247034, 42.80483], [-0.305135, 42.83081], [-0.307418, 42.831831], [-0.322792, 42.842502], [-0.328244, 42.83258], [-0.335169, 42.824958], [-0.342998, 42.822736], [-0.351679, 42.829247], [-0.399738, 42.801316], [-0.423923, 42.790671], [-0.454464, 42.788914], [-0.508414, 42.807492], [-0.53389, 42.808008], [-0.535647, 42.784211], [-0.544432, 42.782015], [-0.561175, 42.77354], [-0.56903, 42.772636], [-0.578694, 42.777338], [-0.578539, 42.783307], [-0.577144, 42.789792], [-0.582931, 42.795839], [-0.587324, 42.796846], [-0.60355, 42.796846], [-0.610165, 42.799094], [-0.609958, 42.802841], [-0.608046, 42.807181], [-0.609493, 42.811445], [-0.648302, 42.849789], [-0.666079, 42.860744], [-0.700392, 42.876428], [-0.71052, 42.877668], [-0.720287, 42.876609], [-0.730106, 42.877513], [-0.740286, 42.884799], [-0.745867, 42.89392], [-0.744782, 42.899295], [-0.741423, 42.903894], [-0.740906, 42.910896], [-0.745032, 42.918727], [-0.759665, 42.946501], [-0.786433, 42.953271], [-0.863534, 42.943065], [-0.943219, 42.947896], [-0.98146, 42.957043], [-1.01629, 42.976241], [-1.028485, 42.986705], [-1.045074, 42.990219], [-1.079697, 42.993398], [-1.08719, 42.997997], [-1.103726, 43.005748], [-1.112408, 43.008254], [-1.149925, 43.005722], [-1.182533, 43.025282], [-1.216898, 43.03926], [-1.274879, 43.046831], [-1.293689, 43.055203], [-1.310587, 43.069491], [-1.315083, 43.082875], [-1.30697, 43.095975], [-1.286041, 43.109179], [-1.308623, 43.113571], [-1.331051, 43.107344], [-1.348259, 43.093081], [-1.355184, 43.073031], [-1.357613, 43.046831], [-1.366139, 43.033318], [-1.383141, 43.029209], [-1.410529, 43.030915], [-1.435024, 43.035721], [-1.457141, 43.045074], [-1.47528, 43.060138], [-1.487837, 43.081816], [-1.479621, 43.090265], [-1.438435, 43.122795], [-1.425774, 43.135275], [-1.410529, 43.166901], [-1.399677, 43.206744], [-1.403501, 43.243331], [-1.432233, 43.265009], [-1.444222, 43.265112], [-1.455281, 43.262218], [-1.466392, 43.260771], [-1.508094, 43.276765], [-1.539204, 43.283561], [-1.559047, 43.284077], [-1.573982, 43.277437], [-1.581888, 43.260358], [-1.587573, 43.251599], [-1.598477, 43.247], [-1.611086, 43.245811], [-1.621886, 43.247], [-1.634082, 43.251108], [-1.639043, 43.255681], [-1.646329, 43.272786], [-1.647983, 43.281545], [-1.645192, 43.287643], [-1.645037, 43.292372], [-1.654907, 43.297539], [-1.673872, 43.304154], [-1.683019, 43.304929], [-1.703328, 43.298624], [-1.724825, 43.296531], [-1.736556, 43.29232], [-1.747356, 43.291002], [-1.74973, 43.294793], [-1.752421, 43.299089], [-1.75578, 43.318546], [-1.768234, 43.330922], [-1.796914, 43.341128], [-1.797172, 43.353324], [-1.796449, 43.374382], [-1.794075, 43.386015], [-1.791371, 43.384589], [-1.790761, 43.384263], [-1.775502, 43.376166], [-1.767974, 43.383612], [-1.749623, 43.389228], [-1.661, 43.399685], [-1.637807, 43.423774], [-1.615468, 43.432563], [-1.59675, 43.442532], [-1.588043, 43.451158], [-1.566396, 43.482164], [-1.562082, 43.493394], [-1.553334, 43.50137], [-1.513987, 43.538642], [-1.506337, 43.550116], [-1.476877, 43.580064], [-1.470041, 43.611518], [-1.445953, 43.668443], [-1.404937, 43.832343], [-1.381174, 43.889594], [-1.346099, 44.019192], [-1.281565, 44.302191], [-1.25414, 44.44245], [-1.247304, 44.504543], [-1.249745, 44.519232], [-1.25829, 44.547553], [-1.257232, 44.556057], [-1.230784, 44.583564], [-1.226877, 44.589911], [-1.224192, 44.601996], [-1.206288, 44.647895], [-1.186513, 44.665473], [-1.161448, 44.666164], [-1.100209, 44.655341], [-1.065012, 44.659125], [-1.044749, 44.66942], [-1.044423, 44.684638], [-1.069163, 44.703192], [-1.055491, 44.703192], [-1.065297, 44.717475], [-1.140859, 44.768134], [-1.151723, 44.77143], [-1.156402, 44.773424], [-1.160634, 44.776516], [-1.165354, 44.778713], [-1.172231, 44.778266], [-1.176503, 44.775214], [-1.178456, 44.770901], [-1.179758, 44.766913], [-1.182118, 44.765204], [-1.188588, 44.755845], [-1.233632, 44.706855], [-1.244944, 44.662746], [-1.253814, 44.638658], [-1.260365, 44.627427], [-1.199452, 45.120836], [-1.157867, 45.27912], [-1.139963, 45.490058], [-1.133697, 45.504828], [-1.099599, 45.553534], [-1.085276, 45.569037], [-1.069163, 45.57331], [-1.058583, 45.569648], [-1.056223, 45.565131], [-1.056752, 45.557603], [-1.057362, 45.546332], [-1.06017, 45.543036], [-1.062327, 45.537746], [-1.062327, 45.532416], [-1.059234, 45.527045], [-1.048695, 45.515041], [-1.039947, 45.50727], [-0.972971, 45.470526], [-0.930776, 45.453803], [-0.915273, 45.450426], [-0.794179, 45.355414], [-0.766184, 45.326077], [-0.754506, 45.295885], [-0.751943, 45.275946], [-0.738678, 45.238715], [-0.720041, 45.145941], [-0.715972, 45.134508], [-0.6822, 45.076483], [-0.648183, 45.044908], [-0.609853, 45.018459], [-0.577789, 45.005072], [-0.568959, 44.997992], [-0.560699, 44.985419], [-0.559193, 44.976142], [-0.562082, 44.96015], [-0.560862, 44.939276], [-0.556508, 44.918524], [-0.548166, 44.902289], [-0.534657, 44.894965], [-0.538645, 44.908759], [-0.542388, 44.937201], [-0.548451, 44.94953], [-0.538971, 44.976508], [-0.550364, 44.998196], [-0.572581, 45.014309], [-0.596181, 45.024644], [-0.565297, 45.023586], [-0.539418, 45.019517], [-0.516428, 45.011379], [-0.493764, 44.997992], [-0.518951, 45.029446], [-0.558746, 45.043443], [-0.602162, 45.053453], [-0.637766, 45.073065], [-0.655995, 45.099107], [-0.668691, 45.130805], [-0.706654, 45.322414], [-0.719716, 45.36107], [-0.753041, 45.424058], [-0.773101, 45.452094], [-0.795481, 45.477118], [-0.841786, 45.514553], [-0.98351, 45.586982], [-0.986887, 45.591254], [-0.990875, 45.610053], [-0.997222, 45.614325], [-1.030263, 45.62287], [-1.083811, 45.660386], [-1.113922, 45.668931], [-1.132802, 45.671698], [-1.149322, 45.6789], [-1.163442, 45.688951], [-1.175608, 45.700263], [-1.194203, 45.710191], [-1.22936, 45.704779], [-1.247304, 45.709906], [-1.230133, 45.779608], [-1.230295, 45.792426], [-1.163808, 45.806708], [-1.144276, 45.806098], [-1.080556, 45.753404], [-1.069163, 45.748114], [-1.05724, 45.74022], [-0.987172, 45.717353], [-1.009633, 45.735175], [-1.099477, 45.786038], [-1.125356, 45.807685], [-1.130686, 45.816718], [-1.132151, 45.828315], [-1.136586, 45.843248], [-1.143219, 45.857733], [-1.151723, 45.86815], [-1.140614, 45.872301], [-1.133656, 45.878241], [-1.128529, 45.884223], [-1.123769, 45.888658], [-1.112538, 45.895657], [-1.097035, 45.902289], [-1.087758, 45.903225], [-1.079742, 45.902004], [-1.073354, 45.904364], [-1.069163, 45.915961], [-1.070424, 45.926337], [-1.076324, 45.936713], [-1.083485, 45.94538], [-1.089752, 45.950751], [-1.084218, 45.953925], [-1.074208, 45.961575], [-1.069163, 45.964342], [-1.085561, 45.971991], [-1.096588, 45.985419], [-1.110748, 46.018378], [-1.089752, 46.008205], [-1.072987, 46.007473], [-1.059722, 46.015774], [-1.048695, 46.03266], [-1.048695, 46.038804], [-1.052887, 46.04328], [-1.058583, 46.047919], [-1.065175, 46.051581], [-1.084218, 46.056545], [-1.087758, 46.064683], [-1.088735, 46.074774], [-1.096018, 46.088365], [-1.095693, 46.097724], [-1.097035, 46.101549], [-1.100738, 46.103095], [-1.113596, 46.106147], [-1.117014, 46.107815], [-1.122955, 46.112494], [-1.129018, 46.11579], [-1.128896, 46.120063], [-1.117014, 46.128241], [-1.14037, 46.14057], [-1.14802, 46.141913], [-1.152089, 46.143866], [-1.151845, 46.148424], [-1.150543, 46.153266], [-1.151723, 46.156195], [-1.157094, 46.156968], [-1.172231, 46.156195], [-1.182607, 46.158393], [-1.19164, 46.157945], [-1.200185, 46.159125], [-1.209706, 46.166164], [-1.210805, 46.174547], [-1.204416, 46.184312], [-1.194488, 46.192776], [-1.18517, 46.19717], [-1.190541, 46.216295], [-1.179596, 46.229478], [-1.110748, 46.259223], [-1.102651, 46.271959], [-1.103505, 46.280015], [-1.108022, 46.28852], [-1.110748, 46.30268], [-1.132476, 46.324123], [-1.177235, 46.326158], [-1.214345, 46.310696], [-1.213206, 46.27912], [-1.240102, 46.284247], [-1.259185, 46.300442], [-1.277415, 46.319525], [-1.293365, 46.322659], [-1.303456, 46.323879], [-1.334218, 46.336737], [-1.356842, 46.350328], [-1.370229, 46.354193], [-1.423329, 46.342475], [-1.44872, 46.343411], [-1.459584, 46.364732], [-1.465484, 46.38996], [-1.481435, 46.408189], [-1.504465, 46.419338], [-1.53189, 46.423082], [-1.598785, 46.425035], [-1.62564, 46.431138], [-1.617177, 46.443549], [-1.633453, 46.454291], [-1.686757, 46.460883], [-1.720286, 46.481269], [-1.748606, 46.486558], [-1.761138, 46.492011], [-1.768422, 46.50023], [-1.779652, 46.522121], [-1.789174, 46.532945], [-1.788889, 46.520453], [-1.78307, 46.504136], [-1.781728, 46.495429], [-1.786, 46.490953], [-1.7954, 46.494534], [-1.804799, 46.503607], [-1.827056, 46.576972], [-1.822662, 46.594387], [-1.838694, 46.599066], [-1.846588, 46.610256], [-1.851226, 46.623725], [-1.857411, 46.635321], [-1.872426, 46.647406], [-1.887807, 46.656562], [-1.89977, 46.666246], [-1.909901, 46.691799], [-1.923166, 46.699164], [-1.940012, 46.70307], [-1.956451, 46.704291], [-1.964996, 46.710395], [-1.994618, 46.752021], [-2.050282, 46.79206], [-2.081288, 46.807359], [-2.107167, 46.813463], [-2.118764, 46.819973], [-2.126088, 46.835598], [-2.130035, 46.854682], [-2.131256, 46.871812], [-2.128774, 46.893459], [-2.121978, 46.903713], [-2.096344, 46.91649], [-2.102162, 46.93065], [-2.087473, 46.94123], [-2.049224, 46.957465], [-2.037017, 46.972561], [-2.020172, 47.008612], [-2.00829, 47.026353], [-1.990712, 47.035386], [-1.992584, 47.052314], [-2.003774, 47.070014], [-2.014556, 47.08161], [-2.030019, 47.092108], [-2.090159, 47.11518], [-2.205474, 47.129096], [-2.241119, 47.142483], [-2.227854, 47.148627], [-2.21703, 47.155504], [-2.205393, 47.1612], [-2.172841, 47.164374], [-2.165191, 47.167873], [-2.162099, 47.176011], [-2.159088, 47.190863], [-2.158681, 47.204495], [-2.169301, 47.22016], [-2.172109, 47.235256], [-2.170888, 47.246324], [-2.166982, 47.259223], [-2.160553, 47.271186], [-2.151682, 47.27969], [-2.127675, 47.286811], [-2.035634, 47.29328], [-2.028717, 47.296942], [-2.021962, 47.299262], [-2.014556, 47.300116], [-2.006581, 47.29328], [-1.999135, 47.28856], [-1.947865, 47.279364], [-1.932485, 47.27969], [-1.939361, 47.286444], [-1.927805, 47.286322], [-1.917063, 47.284166], [-1.907338, 47.279934], [-1.898427, 47.273424], [-1.918853, 47.273424], [-1.918853, 47.266018], [-1.877838, 47.24551], [-1.836252, 47.239936], [-1.82608, 47.235256], [-1.803944, 47.21898], [-1.780995, 47.211982], [-1.72704, 47.210761], [-1.747222, 47.219916], [-1.788238, 47.225572], [-1.805653, 47.235256], [-1.835927, 47.259752], [-1.871165, 47.27969], [-1.905629, 47.293931], [-1.925689, 47.298489], [-1.94929, 47.300116], [-1.95816, 47.302395], [-1.972157, 47.312161], [-2.010121, 47.319729], [-2.148101, 47.313218], [-2.179555, 47.300116], [-2.186594, 47.292711], [-2.190582, 47.2862], [-2.195953, 47.279934], [-2.206288, 47.273424], [-2.236073, 47.267483], [-2.259429, 47.251614], [-2.278391, 47.246405], [-2.298085, 47.246649], [-2.31607, 47.251654], [-2.330963, 47.26081], [-2.355336, 47.280097], [-2.371409, 47.286444], [-2.388092, 47.287909], [-2.39745, 47.287584], [-2.404897, 47.286444], [-2.412831, 47.281724], [-2.416575, 47.27497], [-2.418121, 47.268866], [-2.419179, 47.266018], [-2.448394, 47.266588], [-2.541982, 47.300116], [-2.541982, 47.306952], [-2.519032, 47.304633], [-2.476064, 47.290676], [-2.453359, 47.29328], [-2.436187, 47.307034], [-2.445383, 47.32038], [-2.465443, 47.333808], [-2.480621, 47.347886], [-2.487945, 47.345404], [-2.491282, 47.343899], [-2.494252, 47.341742], [-2.489369, 47.334418], [-2.488922, 47.33039], [-2.494252, 47.320624], [-2.501698, 47.320624], [-2.503326, 47.349595], [-2.514801, 47.364936], [-2.556386, 47.383246], [-2.476796, 47.415676], [-2.466135, 47.415229], [-2.4558, 47.412177], [-2.439036, 47.40998], [-2.441029, 47.404446], [-2.442209, 47.404364], [-2.446401, 47.402533], [-2.439036, 47.396308], [-2.429433, 47.403876], [-2.395009, 47.416978], [-2.391835, 47.423651], [-2.407135, 47.425727], [-2.431752, 47.426174], [-2.44815, 47.430609], [-2.439036, 47.44477], [-2.455312, 47.452216], [-2.476186, 47.453762], [-2.488922, 47.459174], [-2.480621, 47.478217], [-2.49474, 47.491197], [-2.483632, 47.497952], [-2.421213, 47.50023], [-2.384674, 47.507148], [-2.363922, 47.506171], [-2.380116, 47.509223], [-2.407053, 47.506049], [-2.425364, 47.506171], [-2.501698, 47.526679], [-2.517486, 47.528388], [-2.530507, 47.527248], [-2.563222, 47.519843], [-2.600697, 47.519843], [-2.609853, 47.517727], [-2.61559, 47.514146], [-2.621693, 47.513414], [-2.631988, 47.519843], [-2.616933, 47.521715], [-2.599355, 47.52912], [-2.584462, 47.540473], [-2.576812, 47.553941], [-2.592275, 47.543647], [-2.606435, 47.54206], [-2.621205, 47.543036], [-2.638254, 47.540269], [-2.630116, 47.53913], [-2.623931, 47.537177], [-2.619944, 47.533393], [-2.617787, 47.526679], [-2.643056, 47.526435], [-2.654775, 47.528306], [-2.665517, 47.533515], [-2.667104, 47.509589], [-2.680735, 47.504218], [-2.714019, 47.512397], [-2.730702, 47.511623], [-2.782786, 47.499416], [-2.802154, 47.498114], [-2.817128, 47.499213], [-2.83019, 47.503607], [-2.843658, 47.512397], [-2.845693, 47.516181], [-2.861073, 47.535834], [-2.864817, 47.536851], [-2.868967, 47.542182], [-2.878529, 47.545315], [-2.889882, 47.546617], [-2.892934, 47.547675], [-2.89151, 47.549058], [-2.892079, 47.553941], [-2.90925, 47.558417], [-2.892568, 47.566596], [-2.865305, 47.566636], [-2.850575, 47.546536], [-2.843658, 47.546536], [-2.838124, 47.551825], [-2.832428, 47.554023], [-2.825429, 47.552476], [-2.816396, 47.546536], [-2.815297, 47.552965], [-2.80956, 47.567613], [-2.794016, 47.555121], [-2.768666, 47.549547], [-2.741444, 47.551337], [-2.720204, 47.560777], [-2.727651, 47.567613], [-2.688629, 47.604397], [-2.68399, 47.622992], [-2.706532, 47.642727], [-2.706532, 47.636542], [-2.696929, 47.629788], [-2.695627, 47.623358], [-2.701568, 47.618354], [-2.714019, 47.616034], [-2.699778, 47.609198], [-2.704254, 47.604438], [-2.708608, 47.602281], [-2.720204, 47.601752], [-2.725331, 47.607367], [-2.77538, 47.629096], [-2.754465, 47.627021], [-2.734486, 47.62226], [-2.746327, 47.633857], [-2.758209, 47.639065], [-2.789133, 47.642727], [-2.77538, 47.636542], [-2.796051, 47.629869], [-2.847727, 47.626166], [-2.857981, 47.619127], [-2.86677, 47.607164], [-2.886383, 47.60102], [-2.919423, 47.595526], [-2.919423, 47.601752], [-2.912668, 47.601752], [-2.912668, 47.609198], [-2.925689, 47.607652], [-2.928822, 47.606024], [-2.933095, 47.601752], [-2.939931, 47.601752], [-2.943756, 47.613959], [-2.944814, 47.624091], [-2.94164, 47.631822], [-2.933095, 47.636542], [-2.947499, 47.636908], [-2.957997, 47.642157], [-2.964589, 47.651435], [-2.967193, 47.663804], [-2.97468, 47.663804], [-2.973297, 47.655992], [-2.968577, 47.6435], [-2.967193, 47.636542], [-2.967193, 47.612616], [-2.963612, 47.602607], [-2.954701, 47.591539], [-2.943512, 47.581488], [-2.933095, 47.574449], [-2.935618, 47.567572], [-2.937245, 47.564683], [-2.939931, 47.560777], [-2.942616, 47.564399], [-2.952952, 47.574449], [-2.961293, 47.570543], [-2.970286, 47.576972], [-2.980946, 47.587348], [-2.994496, 47.595526], [-2.988596, 47.582261], [-2.994211, 47.576077], [-3.003407, 47.578681], [-3.008168, 47.591783], [-3.01179, 47.607164], [-3.018219, 47.605658], [-3.021718, 47.59455], [-3.015696, 47.581244], [-3.029937, 47.581936], [-3.035797, 47.583319], [-3.042388, 47.58808], [-3.073842, 47.576483], [-3.089752, 47.575507], [-3.103749, 47.581244], [-3.09732, 47.584052], [-3.090728, 47.58808], [-3.100453, 47.594184], [-3.11205, 47.599189], [-3.12328, 47.598782], [-3.131703, 47.58808], [-3.127187, 47.586615], [-3.122955, 47.583238], [-3.118031, 47.581244], [-3.128896, 47.547593], [-3.12328, 47.518988], [-3.10676, 47.495795], [-3.084543, 47.478217], [-3.098134, 47.478705], [-3.11913, 47.482611], [-3.125478, 47.478217], [-3.131703, 47.478217], [-3.143788, 47.507025], [-3.145375, 47.516099], [-3.143219, 47.527045], [-3.13386, 47.543931], [-3.131703, 47.55744], [-3.134185, 47.580756], [-3.141184, 47.598049], [-3.15217, 47.611233], [-3.166493, 47.62226], [-3.176015, 47.62637], [-3.187245, 47.629584], [-3.196685, 47.63349], [-3.200592, 47.639594], [-3.198394, 47.652574], [-3.18635, 47.680609], [-3.111195, 47.704169], [-3.115061, 47.709418], [-3.117177, 47.715033], [-3.118031, 47.722154], [-3.118031, 47.732123], [-3.122792, 47.729926], [-3.134511, 47.726793], [-3.13915, 47.724677], [-3.13976, 47.745795], [-3.13915, 47.75259], [-3.145375, 47.75259], [-3.153188, 47.742011], [-3.16393, 47.743883], [-3.177358, 47.748521], [-3.193186, 47.746405], [-3.179189, 47.742743], [-3.169667, 47.735419], [-3.163319, 47.724758], [-3.159088, 47.711005], [-3.164052, 47.710273], [-3.165028, 47.70954], [-3.165028, 47.707913], [-3.166493, 47.704169], [-3.178375, 47.710028], [-3.185374, 47.706366], [-3.193227, 47.699937], [-3.207387, 47.697333], [-3.203521, 47.694322], [-3.193186, 47.683743], [-3.207143, 47.679145], [-3.211903, 47.669827], [-3.215077, 47.66059], [-3.224192, 47.656399], [-3.231597, 47.660346], [-3.262074, 47.683743], [-3.287587, 47.688666], [-3.331532, 47.696723], [-3.358266, 47.697333], [-3.340199, 47.702297], [-3.322418, 47.700995], [-3.282623, 47.691148], [-3.282623, 47.697333], [-3.298451, 47.703843], [-3.316274, 47.708075], [-3.358266, 47.711005], [-3.358266, 47.718451], [-3.349355, 47.719062], [-3.345123, 47.721259], [-3.343984, 47.726264], [-3.343984, 47.735541], [-3.340566, 47.739488], [-3.323557, 47.737738], [-3.317291, 47.738959], [-3.304433, 47.761135], [-3.2954, 47.773017], [-3.282623, 47.779934], [-3.282623, 47.78734], [-3.304351, 47.770087], [-3.331776, 47.752509], [-3.362172, 47.740424], [-3.383168, 47.737047], [-3.375478, 47.734036], [-3.369252, 47.729804], [-3.364491, 47.724677], [-3.364491, 47.718451], [-3.446441, 47.704576], [-3.460683, 47.707587], [-3.464996, 47.713039], [-3.494862, 47.738959], [-3.509185, 47.759426], [-3.520253, 47.768134], [-3.524485, 47.772447], [-3.52831, 47.779934], [-3.539296, 47.773749], [-3.555653, 47.773993], [-3.590972, 47.779934], [-3.616851, 47.77912], [-3.625152, 47.779934], [-3.633046, 47.783026], [-3.644399, 47.791734], [-3.649037, 47.793606], [-3.68692, 47.792304], [-3.706166, 47.796942], [-3.714589, 47.810614], [-3.723215, 47.813381], [-3.77538, 47.793606], [-3.789906, 47.803209], [-3.811187, 47.802924], [-3.833567, 47.79975], [-3.851715, 47.801011], [-3.853098, 47.804348], [-3.872222, 47.828315], [-3.879221, 47.833564], [-3.886464, 47.83747], [-3.889963, 47.843451], [-3.885854, 47.855048], [-3.894521, 47.855292], [-3.900787, 47.857123], [-3.913197, 47.862454], [-3.916331, 47.873358], [-3.935129, 47.887885], [-3.961822, 47.89997], [-3.988271, 47.903469], [-3.979237, 47.883002], [-3.98648, 47.867906], [-4.008901, 47.851264], [-4.029205, 47.855048], [-4.019154, 47.854478], [-4.01122, 47.855943], [-4.005442, 47.8605], [-4.001943, 47.869289], [-4.014068, 47.866278], [-4.024037, 47.865953], [-4.031565, 47.863715], [-4.036692, 47.855048], [-4.064931, 47.870795], [-4.078236, 47.874416], [-4.09439, 47.875474], [-4.106557, 47.880113], [-4.119293, 47.891913], [-4.12914, 47.90762], [-4.132192, 47.923896], [-4.14273, 47.912014], [-4.13683, 47.896918], [-4.123362, 47.883246], [-4.111195, 47.875474], [-4.111195, 47.869289], [-4.123769, 47.868598], [-4.133616, 47.866197], [-4.142649, 47.861762], [-4.15274, 47.855048], [-4.17162, 47.877021], [-4.185618, 47.874416], [-4.188466, 47.862128], [-4.173899, 47.855048], [-4.176666, 47.851264], [-4.180043, 47.848212], [-4.180043, 47.841986], [-4.15274, 47.841986], [-4.15274, 47.834459], [-4.185211, 47.813381], [-4.200551, 47.807196], [-4.225168, 47.802436], [-4.371816, 47.807196], [-4.371246, 47.814765], [-4.373443, 47.828681], [-4.371816, 47.834459], [-4.365468, 47.837104], [-4.356068, 47.837063], [-4.347646, 47.838324], [-4.343861, 47.84512], [-4.34732, 47.862942], [-4.362213, 47.888577], [-4.371978, 47.915839], [-4.386952, 47.934068], [-4.434641, 47.975653], [-4.523264, 48.022691], [-4.533274, 48.026313], [-4.546702, 48.020738], [-4.55899, 48.010688], [-4.572011, 48.005927], [-4.601959, 48.02558], [-4.619211, 48.027655], [-4.652984, 48.026313], [-4.728139, 48.040595], [-4.721506, 48.044135], [-4.716461, 48.050238], [-4.71227, 48.056586], [-4.706207, 48.06391], [-4.705556, 48.06745], [-4.704254, 48.071234], [-4.700795, 48.074774], [-4.697418, 48.074897], [-4.689524, 48.068834], [-4.683705, 48.067328], [-4.361928, 48.115709], [-4.304758, 48.104071], [-4.289906, 48.108222], [-4.28539, 48.115383], [-4.275706, 48.143622], [-4.280181, 48.154934], [-4.294342, 48.16706], [-4.297353, 48.174058], [-4.302358, 48.196357], [-4.315826, 48.205512], [-4.358225, 48.211859], [-4.366119, 48.215155], [-4.372426, 48.220038], [-4.376861, 48.225979], [-4.379262, 48.232367], [-4.404368, 48.226142], [-4.457631, 48.248969], [-4.485463, 48.242621], [-4.499989, 48.224921], [-4.513987, 48.202094], [-4.531646, 48.183092], [-4.557485, 48.177191], [-4.548736, 48.198432], [-4.543772, 48.205064], [-4.555043, 48.216539], [-4.561187, 48.225043], [-4.563629, 48.232367], [-4.558665, 48.244208], [-4.550933, 48.248603], [-4.54719, 48.25259], [-4.554067, 48.262763], [-4.566274, 48.264879], [-4.626332, 48.266547], [-4.623687, 48.277045], [-4.626332, 48.287055], [-4.615387, 48.291083], [-4.607086, 48.290595], [-4.598785, 48.288398], [-4.58788, 48.287055], [-4.575185, 48.290025], [-4.572906, 48.29682], [-4.57551, 48.30386], [-4.57726, 48.307522], [-4.559478, 48.33869], [-4.546702, 48.346829], [-4.530141, 48.34162], [-4.543202, 48.304674], [-4.515533, 48.295844], [-4.426503, 48.300035], [-4.416371, 48.296617], [-4.409657, 48.292304], [-4.401967, 48.28856], [-4.388987, 48.287055], [-4.376861, 48.287787], [-4.329701, 48.297024], [-4.262603, 48.300035], [-4.268951, 48.295844], [-4.275217, 48.294013], [-4.289906, 48.29385], [-4.269358, 48.288398], [-4.187489, 48.300035], [-4.187489, 48.307522], [-4.218821, 48.306057], [-4.23054, 48.309882], [-4.234731, 48.321723], [-4.243967, 48.31391], [-4.257721, 48.311347], [-4.270172, 48.314683], [-4.275706, 48.324856], [-4.281972, 48.323676], [-4.324696, 48.321723], [-4.316314, 48.330797], [-4.312082, 48.333075], [-4.303619, 48.335395], [-4.303131, 48.339586], [-4.298492, 48.343817], [-4.288686, 48.348538], [-4.269399, 48.362738], [-4.286285, 48.362535], [-4.30899, 48.351549], [-4.324696, 48.348456], [-4.324696, 48.355292], [-4.317291, 48.355292], [-4.317291, 48.362738], [-4.324696, 48.362738], [-4.327789, 48.357856], [-4.334055, 48.352729], [-4.337717, 48.348456], [-4.35261, 48.352729], [-4.384185, 48.338121], [-4.406606, 48.335395], [-4.403798, 48.339179], [-4.402821, 48.339586], [-4.399159, 48.34162], [-4.406606, 48.348456], [-4.415028, 48.342922], [-4.426503, 48.338853], [-4.439931, 48.336371], [-4.453725, 48.335395], [-4.453725, 48.34162], [-4.396596, 48.387763], [-4.385569, 48.393744], [-4.289906, 48.431586], [-4.307729, 48.428046], [-4.339019, 48.416083], [-4.358957, 48.411119], [-4.426503, 48.403713], [-4.457509, 48.394843], [-4.520619, 48.368313], [-4.569569, 48.360297], [-4.599355, 48.350165], [-4.618886, 48.348456], [-4.636342, 48.351142], [-4.671132, 48.360582], [-4.690541, 48.362738], [-4.694081, 48.359442], [-4.694081, 48.3522], [-4.695668, 48.344957], [-4.704498, 48.34162], [-4.754994, 48.341986], [-4.768381, 48.345404], [-4.77717, 48.355618], [-4.783355, 48.37641], [-4.76476, 48.377631], [-4.766347, 48.390448], [-4.783355, 48.417385], [-4.784901, 48.436184], [-4.779856, 48.454901], [-4.768056, 48.468655], [-4.749257, 48.472602], [-4.749257, 48.478827], [-4.774648, 48.491278], [-4.764556, 48.520209], [-4.739898, 48.550727], [-4.721995, 48.568183], [-4.711578, 48.563666], [-4.700795, 48.560736], [-4.708241, 48.568183], [-4.692291, 48.575507], [-4.673451, 48.579576], [-4.642486, 48.581855], [-4.623036, 48.578192], [-4.589833, 48.565741], [-4.57726, 48.568183], [-4.600494, 48.589342], [-4.607737, 48.603013], [-4.594635, 48.609117], [-4.548818, 48.601223], [-4.530141, 48.601711], [-4.557485, 48.609117], [-4.554433, 48.613227], [-4.552602, 48.616523], [-4.554799, 48.619696], [-4.563629, 48.62344], [-4.563629, 48.629625], [-4.485463, 48.629625], [-4.46288, 48.63231], [-4.429799, 48.642808], [-4.406606, 48.643256], [-4.4204, 48.648871], [-4.426503, 48.650092], [-4.426503, 48.657538], [-4.398061, 48.660956], [-4.370229, 48.67182], [-4.343251, 48.67886], [-4.317291, 48.678046], [-4.299143, 48.663642], [-4.306508, 48.641547], [-4.283111, 48.643256], [-4.252594, 48.655463], [-4.242055, 48.657538], [-4.229807, 48.655951], [-4.207143, 48.64997], [-4.193756, 48.650092], [-4.193756, 48.657538], [-4.213002, 48.6612], [-4.207753, 48.671373], [-4.190582, 48.683051], [-4.173899, 48.691107], [-4.154652, 48.696234], [-4.131459, 48.699164], [-4.108713, 48.698147], [-4.090688, 48.691107], [-4.084788, 48.69717], [-4.079254, 48.696926], [-4.07433, 48.692288], [-4.070221, 48.684882], [-4.064036, 48.684882], [-4.057362, 48.689602], [-4.053293, 48.695543], [-4.052642, 48.70307], [-4.056549, 48.712144], [-4.042714, 48.713935], [-4.030507, 48.717027], [-4.009348, 48.725816], [-3.973988, 48.732815], [-3.967763, 48.72956], [-3.970286, 48.720038], [-3.973866, 48.712795], [-3.972727, 48.707709], [-3.961008, 48.704739], [-3.961008, 48.698554], [-3.967763, 48.698554], [-3.967763, 48.691107], [-3.957753, 48.686835], [-3.951039, 48.679389], [-3.949534, 48.669338], [-3.954742, 48.657538], [-3.926584, 48.676174], [-3.911936, 48.68122], [-3.891998, 48.678046], [-3.901967, 48.672024], [-3.906321, 48.6706], [-3.906321, 48.664374], [-3.894195, 48.653551], [-3.864654, 48.641018], [-3.851715, 48.629625], [-3.844309, 48.636461], [-3.851715, 48.643256], [-3.844309, 48.650092], [-3.848948, 48.656317], [-3.852447, 48.664537], [-3.8579, 48.684882], [-3.851715, 48.684882], [-3.8485, 48.679023], [-3.845448, 48.676011], [-3.837473, 48.6706], [-3.840077, 48.688056], [-3.837148, 48.707261], [-3.829254, 48.718451], [-3.816965, 48.712144], [-3.812652, 48.716742], [-3.810455, 48.721503], [-3.809804, 48.726955], [-3.810129, 48.733222], [-3.797109, 48.721177], [-3.778432, 48.717353], [-3.731923, 48.71898], [-3.720855, 48.71601], [-3.697865, 48.702338], [-3.686635, 48.698554], [-3.673818, 48.698228], [-3.638173, 48.704739], [-3.638539, 48.687812], [-3.614003, 48.682685], [-3.584788, 48.682807], [-3.570546, 48.687974], [-3.580474, 48.711086], [-3.584543, 48.726386], [-3.580474, 48.733222], [-3.52831, 48.739488], [-3.542836, 48.745673], [-3.577382, 48.774237], [-3.581532, 48.790595], [-3.571401, 48.799058], [-3.542592, 48.807807], [-3.520863, 48.833645], [-3.515289, 48.841946], [-3.509185, 48.841946], [-3.499827, 48.836982], [-3.468129, 48.835679], [-3.433583, 48.822211], [-3.419749, 48.821438], [-3.425404, 48.818427], [-3.42809, 48.815741], [-3.429921, 48.812445], [-3.433339, 48.807807], [-3.409901, 48.806545], [-3.397613, 48.807318], [-3.388743, 48.811184], [-3.378651, 48.819322], [-3.371816, 48.822496], [-3.287465, 48.843451], [-3.275787, 48.849351], [-3.268951, 48.849351], [-3.259511, 48.847724], [-3.229726, 48.87226], [-3.213612, 48.869818], [-3.207143, 48.855414], [-3.207753, 48.835924], [-3.214955, 48.817857], [-3.227895, 48.807807], [-3.226796, 48.80329], [-3.225575, 48.800482], [-3.22053, 48.794135], [-3.216868, 48.806789], [-3.20873, 48.816352], [-3.178822, 48.84101], [-3.154205, 48.854926], [-3.145375, 48.862372], [-3.134999, 48.859198], [-3.116444, 48.874091], [-3.103749, 48.876654], [-3.091461, 48.871283], [-3.08434, 48.862209], [-3.08373, 48.851711], [-3.090728, 48.841946], [-3.090728, 48.835679], [-3.077056, 48.828274], [-3.084625, 48.820136], [-3.097524, 48.794135], [-3.104075, 48.7862], [-3.125478, 48.767401], [-3.125478, 48.759955], [-3.118031, 48.759955], [-3.085032, 48.804999], [-3.0655, 48.823961], [-3.049184, 48.821438], [-3.039296, 48.826972], [-3.028717, 48.828803], [-3.018219, 48.826972], [-3.008168, 48.821438], [-3.015696, 48.814602], [-3.01179, 48.813666], [-3.009389, 48.813707], [-3.008372, 48.812486], [-3.008168, 48.807807], [-3.017812, 48.805854], [-3.025502, 48.802924], [-3.042388, 48.794135], [-3.042388, 48.787909], [-3.029286, 48.780463], [-3.003651, 48.773871], [-2.952952, 48.772284], [-2.933095, 48.767401], [-2.934438, 48.759101], [-2.934397, 48.753079], [-2.933095, 48.746324], [-2.942738, 48.740912], [-2.946685, 48.739488], [-2.946685, 48.733222], [-2.932037, 48.726955], [-2.913971, 48.716498], [-2.898671, 48.704779], [-2.892079, 48.69477], [-2.826975, 48.657538], [-2.817047, 48.627672], [-2.812978, 48.619696], [-2.811431, 48.614569], [-2.814361, 48.609931], [-2.816396, 48.604926], [-2.812978, 48.598578], [-2.808013, 48.595608], [-2.795033, 48.591254], [-2.771067, 48.579169], [-2.714019, 48.560736], [-2.716949, 48.551703], [-2.721018, 48.544623], [-2.726674, 48.538967], [-2.734486, 48.534003], [-2.722727, 48.533637], [-2.713124, 48.530097], [-2.704701, 48.524156], [-2.696278, 48.516669], [-2.682362, 48.509019], [-2.679677, 48.518378], [-2.680247, 48.532782], [-2.676137, 48.540229], [-2.636342, 48.538804], [-2.620025, 48.543606], [-2.600697, 48.557603], [-2.577056, 48.582465], [-2.569407, 48.58869], [-2.558827, 48.594143], [-2.541086, 48.59809], [-2.473622, 48.625963], [-2.459543, 48.636461], [-2.459543, 48.643256], [-2.468007, 48.643948], [-2.487457, 48.650092], [-2.44286, 48.659084], [-2.421051, 48.656968], [-2.412262, 48.643256], [-2.38622, 48.650092], [-2.356068, 48.663275], [-2.329986, 48.680365], [-2.31607, 48.698554], [-2.312489, 48.686957], [-2.305328, 48.679633], [-2.295237, 48.676581], [-2.281972, 48.678046], [-2.281972, 48.6706], [-2.289418, 48.666571], [-2.293772, 48.661363], [-2.297475, 48.655707], [-2.302398, 48.650092], [-2.330312, 48.629625], [-2.312652, 48.620185], [-2.294016, 48.628607], [-2.27359, 48.642646], [-2.250966, 48.650092], [-2.246205, 48.644721], [-2.240712, 48.621324], [-2.237294, 48.615912], [-2.225942, 48.612372], [-2.219228, 48.603664], [-2.215688, 48.592434], [-2.213694, 48.581855], [-2.202789, 48.585883], [-2.195546, 48.593451], [-2.192128, 48.603746], [-2.192616, 48.615912], [-2.188385, 48.601304], [-2.182973, 48.588772], [-2.174062, 48.582953], [-2.159088, 48.58869], [-2.159088, 48.595445], [-2.163197, 48.596503], [-2.172109, 48.601711], [-2.161041, 48.613023], [-2.149322, 48.618883], [-2.137034, 48.617987], [-2.124338, 48.609117], [-2.131256, 48.615302], [-2.136627, 48.622138], [-2.144846, 48.636461], [-2.100209, 48.646918], [-2.052358, 48.650092], [-2.049794, 48.645575], [-2.028717, 48.619696], [-2.027089, 48.608954], [-2.022043, 48.598944], [-2.013254, 48.59162], [-2.000885, 48.58869], [-2.005116, 48.578843], [-2.00829, 48.575019], [-1.982493, 48.548977], [-1.976389, 48.535631], [-1.980295, 48.513577], [-1.970448, 48.520697], [-1.939361, 48.534003], [-1.967275, 48.547065], [-1.961903, 48.554918], [-1.976633, 48.572699], [-1.980295, 48.58869], [-1.9735, 48.58869], [-1.96939, 48.584174], [-1.965159, 48.581204], [-1.952952, 48.575019], [-1.960357, 48.586615], [-1.96939, 48.59276], [-1.979807, 48.59512], [-1.991119, 48.595445], [-2.000478, 48.601304], [-2.019032, 48.631049], [-2.028717, 48.643256], [-2.025543, 48.651313], [-2.018137, 48.660346], [-2.006581, 48.667629], [-1.991119, 48.6706], [-1.987701, 48.673774], [-1.987701, 48.680854], [-1.985911, 48.687893], [-1.976959, 48.691107], [-1.939361, 48.691107], [-1.945627, 48.698554], [-1.843739, 48.712144], [-1.846669, 48.707831], [-1.846913, 48.703437], [-1.843577, 48.698147], [-1.836334, 48.691107], [-1.861195, 48.664211], [-1.860951, 48.640855], [-1.838206, 48.623765], [-1.79601, 48.615912], [-1.722808, 48.615302], [-1.643951, 48.62344], [-1.595693, 48.640937], [-1.58967, 48.641791], [-1.579701, 48.643256], [-1.500559, 48.636461], [-1.393137, 48.652411], [-1.356557, 48.643256], [-1.372304, 48.66059], [-1.394602, 48.66828], [-1.432851, 48.6706], [-1.433013, 48.66828], [-1.437734, 48.664455], [-1.443267, 48.662828], [-1.445953, 48.667467], [-1.447092, 48.673896], [-1.45051, 48.679511], [-1.4558, 48.683417], [-1.490224, 48.690131], [-1.502675, 48.695502], [-1.507965, 48.701606], [-1.516469, 48.725165], [-1.553619, 48.747138], [-1.562082, 48.770819], [-1.562571, 48.798489], [-1.566762, 48.82217], [-1.578847, 48.837836], [-1.602935, 48.841946], [-1.602935, 48.849351], [-1.589101, 48.853583], [-1.578521, 48.862616], [-1.571848, 48.874213], [-1.56371, 48.922105], [-1.557037, 48.932318], [-1.548411, 48.923814], [-1.542795, 48.935248], [-1.541982, 48.944078], [-1.547027, 48.949693], [-1.55899, 48.951809], [-1.563059, 48.957587], [-1.552235, 49.015448], [-1.545766, 49.030341], [-1.532338, 49.035142], [-1.507965, 49.027533], [-1.507965, 49.033677], [-1.527252, 49.039781], [-1.549713, 49.039781], [-1.56843, 49.03266], [-1.576324, 49.017279], [-1.579457, 49.01317], [-1.586537, 49.018988], [-1.593577, 49.028998], [-1.59675, 49.037421], [-1.595937, 49.061265], [-1.593739, 49.071967], [-1.589345, 49.082099], [-1.603424, 49.08397], [-1.608754, 49.091498], [-1.607737, 49.102729], [-1.602935, 49.115627], [-1.595937, 49.128485], [-1.589019, 49.134589], [-1.569488, 49.143541], [-1.581776, 49.149848], [-1.584218, 49.148424], [-1.589345, 49.143541], [-1.597768, 49.159369], [-1.604482, 49.178209], [-1.608795, 49.197821], [-1.610422, 49.215888], [-1.602651, 49.225409], [-1.584462, 49.226264], [-1.548411, 49.219306], [-1.548411, 49.225491], [-1.569569, 49.229682], [-1.595286, 49.23786], [-1.616851, 49.238227], [-1.624664, 49.219306], [-1.640533, 49.231513], [-1.657094, 49.268378], [-1.671864, 49.280097], [-1.665395, 49.284613], [-1.662587, 49.286038], [-1.658193, 49.287543], [-1.68692, 49.302436], [-1.699086, 49.313544], [-1.706654, 49.329169], [-1.686187, 49.329169], [-1.686187, 49.335354], [-1.699127, 49.355862], [-1.706654, 49.355862], [-1.714752, 49.338528], [-1.733266, 49.346259], [-1.755727, 49.362454], [-1.775502, 49.370103], [-1.772857, 49.377021], [-1.771108, 49.37995], [-1.767974, 49.383734], [-1.78189, 49.381537], [-1.795074, 49.377631], [-1.806793, 49.376858], [-1.816477, 49.383734], [-1.819569, 49.396796], [-1.815785, 49.430854], [-1.816477, 49.445217], [-1.819407, 49.452053], [-1.823598, 49.458482], [-1.838206, 49.475816], [-1.839508, 49.480658], [-1.84024, 49.485826], [-1.843739, 49.493598], [-1.853586, 49.504299], [-1.879465, 49.52497], [-1.884674, 49.530911], [-1.878407, 49.544867], [-1.850168, 49.561713], [-1.843739, 49.571845], [-1.839223, 49.603176], [-1.839508, 49.619778], [-1.846913, 49.633938], [-1.855051, 49.645087], [-1.860585, 49.654771], [-1.869496, 49.661689], [-1.901601, 49.665839], [-1.945627, 49.677965], [-1.937652, 49.701565], [-1.939565, 49.716457], [-1.935211, 49.724107], [-1.908355, 49.726386], [-1.898997, 49.72427], [-1.87914, 49.71483], [-1.867299, 49.712714], [-1.839426, 49.715399], [-1.829457, 49.712714], [-1.824615, 49.708441], [-1.820953, 49.696357], [-1.816477, 49.691636], [-1.811838, 49.690741], [-1.800893, 49.692084], [-1.79601, 49.691636], [-1.773997, 49.686713], [-1.707753, 49.680162], [-1.633046, 49.66352], [-1.617177, 49.664293], [-1.616689, 49.662014], [-1.616363, 49.65705], [-1.613922, 49.652248], [-1.606679, 49.650051], [-1.59732, 49.652289], [-1.58373, 49.662055], [-1.572865, 49.664293], [-1.561187, 49.663031], [-1.540395, 49.657782], [-1.528432, 49.657457], [-1.511464, 49.662543], [-1.49592, 49.672187], [-1.470123, 49.695054], [-1.455719, 49.702216], [-1.409495, 49.711575], [-1.391265, 49.712714], [-1.271148, 49.698432], [-1.263051, 49.695502], [-1.259104, 49.6883], [-1.25414, 49.67178], [-1.232249, 49.641425], [-1.227773, 49.624091], [-1.253326, 49.61225], [-1.257558, 49.602851], [-1.259999, 49.593451], [-1.264027, 49.58926], [-1.286204, 49.588935], [-1.294993, 49.586819], [-1.301422, 49.581773], [-1.306264, 49.558092], [-1.293609, 49.538398], [-1.276519, 49.520738], [-1.261586, 49.49315], [-1.185292, 49.430365], [-1.175689, 49.415229], [-1.172231, 49.393378], [-1.174224, 49.382392], [-1.1787, 49.374579], [-1.183258, 49.369452], [-1.18517, 49.3664], [-1.181996, 49.356187], [-1.173818, 49.357001], [-1.163075, 49.361518], [-1.151723, 49.362698], [-1.141021, 49.356676], [-1.133453, 49.349514], [-1.122874, 49.345445], [-1.103424, 49.349026], [-1.103424, 49.355862], [-1.113759, 49.36579], [-1.106353, 49.379462], [-1.089589, 49.391547], [-1.072255, 49.396796], [-0.940419, 49.392279], [-0.822133, 49.362698], [-0.650787, 49.355862], [-0.607981, 49.347398], [-0.583363, 49.345893], [-0.546946, 49.358954], [-0.522532, 49.355292], [-0.479482, 49.34276], [-0.411122, 49.34276], [-0.393625, 49.338039], [-0.363433, 49.325019], [-0.3131, 49.317328], [-0.219472, 49.280097], [-0.194081, 49.295233], [-0.033844, 49.320054], [0.012869, 49.334621], [0.040294, 49.350409], [0.06308, 49.354478], [0.071951, 49.35928], [0.095958, 49.383734], [0.162364, 49.415188], [0.286876, 49.433621], [0.411306, 49.452053], [0.457286, 49.467434], [0.476573, 49.478664], [0.493175, 49.493598], [0.42213, 49.464423], [0.33961, 49.456732], [0.256847, 49.464057], [0.185313, 49.479967], [0.164806, 49.479967], [0.147309, 49.480943], [0.12436, 49.485785], [0.104421, 49.493598], [0.095958, 49.503241], [0.092784, 49.509263], [0.078624, 49.51553], [0.075369, 49.524075], [0.076589, 49.53498], [0.079682, 49.542182], [0.13087, 49.603502], [0.170909, 49.691636], [0.185883, 49.703192], [0.23585, 49.729315], [0.246755, 49.729438], [0.256847, 49.735907], [0.387462, 49.775051], [0.397634, 49.784369], [0.522797, 49.832953], [0.557384, 49.839789], [0.59669, 49.857245], [0.674815, 49.8758], [0.760916, 49.875067], [1.172618, 49.961005], [1.196951, 49.973578], [1.221202, 49.97899], [1.260997, 50.007514], [1.391287, 50.075181], [1.444102, 50.117255], [1.455821, 50.123603], [1.464529, 50.132148], [1.486827, 50.185045], [1.521007, 50.214667], [1.555349, 50.217719], [1.654307, 50.186591], [1.664073, 50.187079], [1.672537, 50.192532], [1.672537, 50.199368], [1.661957, 50.19892], [1.655284, 50.200507], [1.650076, 50.204779], [1.644542, 50.212388], [1.66505, 50.212388], [1.66505, 50.219794], [1.645681, 50.220038], [1.625499, 50.224311], [1.610037, 50.232245], [1.603526, 50.243476], [1.593923, 50.256293], [1.551117, 50.26968], [1.541515, 50.277899], [1.543142, 50.310004], [1.551524, 50.349066], [1.572032, 50.375678], [1.594981, 50.372667], [1.610362, 50.370673], [1.610362, 50.376899], [1.555186, 50.404771], [1.555186, 50.411566], [1.573497, 50.44538], [1.574229, 50.492377], [1.579275, 50.533149], [1.610362, 50.548163], [1.583344, 50.574693], [1.577891, 50.588609], [1.573578, 50.635565], [1.563162, 50.67829], [1.562673, 50.698961], [1.567638, 50.716742], [1.588715, 50.756293], [1.600108, 50.770982], [1.605642, 50.790025], [1.599294, 50.812934], [1.583181, 50.849799], [1.580821, 50.863715], [1.580577, 50.868801], [1.604828, 50.881049], [1.613455, 50.883368], [1.634288, 50.884589], [1.653331, 50.889106], [1.670177, 50.900092], [1.699067, 50.925605], [1.729828, 50.943915], [1.921397, 50.996772], [1.939301, 50.994452], [1.973481, 51.007148], [2.134044, 51.019965], [2.305512, 51.055406], [2.316091, 51.059027], [2.324474, 51.059882], [2.384451, 51.055325], [2.466075, 51.068793], [2.506684, 51.080756], [2.521495, 51.087388], [2.5218, 51.087541]], [[1.983372, 42.441261], [1.986163, 42.441261], [1.996084, 42.442837], [1.999495, 42.443896], [1.988436, 42.458185], [1.978308, 42.47498], [1.967972, 42.485702], [1.956604, 42.481775], [1.945648, 42.463817], [1.947509, 42.451234], [1.960634, 42.443715], [1.983372, 42.441261]]], [[[9.456554, 42.647406], [9.482107, 42.620103], [9.476899, 42.620103], [9.476817, 42.619086], [9.456554, 42.647406]]], [[[8.565766, 42.208564], [8.574067, 42.219916], [8.565766, 42.225735], [8.552419, 42.22899], [8.545258, 42.232856], [8.54949, 42.242255], [8.559906, 42.24433], [8.586274, 42.243354], [8.593761, 42.246283], [8.601329, 42.250678], [8.61085, 42.254625], [8.651134, 42.260403], [8.664724, 42.264879], [8.675059, 42.270657], [8.680837, 42.272773], [8.685232, 42.271918], [8.687755, 42.272935], [8.688731, 42.280951], [8.674001, 42.289496], [8.672048, 42.291164], [8.634776, 42.304836], [8.632335, 42.308661], [8.629649, 42.315253], [8.625173, 42.319159], [8.611095, 42.310045], [8.605317, 42.310452], [8.60141, 42.314765], [8.599864, 42.321926], [8.604747, 42.325588], [8.634776, 42.338935], [8.612804, 42.352444], [8.591563, 42.351142], [8.552094, 42.338935], [8.559581, 42.346381], [8.553477, 42.354885], [8.549653, 42.36579], [8.549083, 42.377102], [8.552094, 42.386705], [8.560802, 42.381659], [8.570486, 42.381781], [8.5796, 42.385932], [8.586274, 42.392971], [8.598643, 42.3876], [8.602387, 42.391913], [8.603526, 42.400336], [8.60727, 42.407213], [8.612071, 42.411811], [8.614024, 42.416246], [8.618663, 42.419582], [8.65089, 42.423285], [8.659516, 42.429877], [8.661632, 42.439765], [8.661388, 42.45189], [8.672374, 42.464423], [8.676768, 42.47248], [8.672048, 42.476142], [8.659679, 42.477118], [8.657074, 42.480048], [8.659353, 42.484361], [8.667491, 42.509711], [8.680431, 42.521064], [8.697602, 42.527004], [8.716563, 42.530707], [8.710785, 42.540107], [8.716319, 42.561998], [8.709158, 42.571723], [8.709158, 42.579169], [8.71697, 42.576117], [8.719737, 42.575995], [8.720876, 42.574123], [8.723481, 42.565497], [8.740001, 42.572333], [8.750662, 42.568793], [8.759613, 42.561754], [8.771251, 42.558051], [8.786957, 42.561998], [8.798839, 42.571763], [8.807465, 42.58511], [8.812836, 42.599595], [8.805431, 42.606431], [8.843028, 42.608059], [8.906505, 42.632473], [9.018321, 42.650133], [9.049978, 42.662177], [9.052989, 42.681586], [9.107107, 42.725898], [9.117849, 42.732001], [9.141449, 42.735012], [9.165212, 42.735175], [9.176036, 42.732815], [9.185069, 42.733385], [9.236827, 42.722561], [9.257823, 42.713935], [9.264659, 42.708889], [9.270844, 42.702216], [9.276134, 42.694159], [9.28533, 42.67475], [9.292166, 42.67475], [9.327891, 42.720038], [9.34254, 42.749091], [9.333018, 42.770941], [9.340994, 42.790107], [9.33546, 42.807603], [9.321788, 42.82392], [9.305675, 42.83926], [9.333018, 42.867133], [9.332856, 42.8758], [9.326345, 42.885321], [9.326182, 42.893785], [9.330251, 42.903551], [9.336925, 42.910386], [9.360199, 42.928616], [9.356781, 42.933539], [9.355724, 42.93651], [9.356944, 42.94066], [9.360199, 42.949123], [9.349946, 42.957221], [9.343435, 42.97309], [9.341807, 42.990668], [9.34669, 43.00373], [9.363048, 43.011542], [9.404307, 43.011664], [9.422374, 43.017401], [9.435557, 43.00373], [9.444509, 42.997992], [9.464041, 42.990058], [9.464041, 42.982611], [9.455577, 42.974555], [9.453868, 42.963813], [9.458751, 42.952338], [9.470063, 42.942288], [9.465505, 42.923529], [9.484386, 42.832424], [9.482758, 42.802314], [9.450369, 42.708889], [9.451427, 42.696723], [9.449392, 42.682603], [9.450369, 42.653632], [9.449067, 42.651068], [9.446056, 42.648586], [9.44337, 42.64525], [9.442882, 42.64057], [9.445323, 42.637885], [9.449962, 42.635728], [9.4546, 42.634589], [9.456554, 42.634426], [9.459239, 42.625434], [9.461681, 42.619818], [9.461436, 42.614569], [9.456554, 42.606431], [9.46461, 42.60163], [9.468028, 42.594957], [9.470714, 42.587226], [9.476899, 42.579169], [9.484874, 42.574449], [9.511892, 42.565497], [9.509125, 42.579983], [9.504731, 42.586615], [9.489594, 42.612616], [9.518565, 42.580959], [9.528087, 42.563544], [9.532237, 42.544379], [9.53004, 42.486314], [9.533376, 42.456244], [9.545909, 42.435126], [9.539887, 42.422065], [9.535411, 42.408189], [9.532725, 42.392524], [9.532237, 42.373725], [9.536957, 42.353176], [9.555431, 42.314276], [9.559581, 42.294582], [9.552257, 42.170152], [9.559581, 42.146552], [9.556895, 42.138251], [9.554942, 42.120836], [9.552745, 42.113023], [9.545584, 42.10399], [9.518565, 42.08511], [9.507823, 42.072211], [9.492442, 42.047756], [9.423839, 41.973538], [9.408702, 41.962226], [9.403168, 41.952948], [9.402843, 41.917426], [9.394298, 41.847968], [9.403005, 41.779731], [9.401622, 41.706448], [9.398611, 41.701483], [9.391124, 41.699042], [9.381196, 41.692694], [9.372244, 41.683905], [9.367035, 41.674221], [9.380707, 41.674221], [9.37794, 41.65644], [9.373057, 41.645168], [9.363617, 41.640041], [9.353201, 41.640815], [9.345225, 41.640326], [9.342133, 41.63467], [9.34669, 41.619574], [9.333263, 41.624457], [9.318207, 41.627143], [9.303722, 41.627834], [9.292166, 41.62641], [9.293956, 41.617621], [9.284434, 41.607652], [9.278575, 41.598375], [9.292166, 41.59162], [9.325043, 41.601955], [9.345063, 41.604478], [9.354177, 41.595404], [9.350597, 41.581204], [9.341075, 41.569281], [9.326671, 41.561103], [9.309093, 41.558173], [9.299653, 41.55329], [9.292166, 41.542914], [9.281993, 41.533271], [9.264659, 41.530829], [9.268728, 41.523749], [9.269867, 41.516791], [9.268728, 41.509955], [9.264659, 41.502875], [9.276215, 41.499416], [9.279145, 41.491645], [9.27475, 41.482856], [9.264659, 41.476142], [9.270844, 41.468736], [9.255219, 41.463609], [9.228038, 41.450019], [9.210704, 41.448228], [9.210704, 41.440863], [9.220063, 41.435045], [9.223318, 41.427314], [9.219981, 41.419623], [9.210704, 41.41352], [9.210704, 41.407294], [9.222016, 41.410956], [9.237966, 41.422268], [9.250336, 41.427802], [9.246593, 41.412909], [9.23878, 41.395901], [9.230154, 41.380927], [9.223155, 41.372504], [9.206716, 41.365912], [9.193858, 41.369127], [9.169119, 41.386176], [9.153331, 41.391343], [9.122244, 41.394965], [9.096446, 41.40351], [9.10727, 41.429267], [9.112153, 41.432563], [9.121349, 41.434638], [9.105154, 41.445502], [9.080903, 41.453192], [9.06658, 41.4619], [9.079845, 41.476142], [9.079845, 41.482367], [9.068207, 41.479478], [9.038748, 41.4619], [9.031993, 41.468736], [9.03419, 41.470893], [9.035411, 41.471625], [9.036632, 41.472846], [9.038748, 41.476142], [9.028087, 41.473822], [9.024099, 41.472113], [9.018321, 41.468736], [9.011485, 41.476142], [9.000987, 41.483059], [8.975597, 41.489081], [8.95102, 41.491889], [8.93572, 41.489203], [8.924815, 41.49494], [8.916759, 41.501654], [8.906912, 41.50731], [8.883637, 41.511176], [8.881114, 41.514838], [8.879161, 41.519355], [8.873709, 41.523383], [8.864268, 41.525336], [8.856293, 41.525336], [8.848399, 41.526109], [8.83961, 41.530829], [8.853282, 41.537665], [8.853282, 41.54385], [8.840587, 41.547268], [8.833344, 41.550727], [8.823904, 41.549954], [8.809906, 41.55268], [8.797211, 41.557074], [8.791759, 41.561225], [8.796397, 41.580552], [8.793224, 41.587307], [8.778087, 41.59162], [8.785411, 41.604682], [8.792003, 41.625149], [8.801768, 41.639065], [8.819021, 41.632636], [8.872569, 41.651068], [8.881114, 41.657131], [8.885753, 41.670885], [8.896983, 41.677924], [8.910655, 41.683824], [8.922699, 41.694648], [8.899181, 41.695461], [8.836436, 41.70893], [8.812348, 41.709296], [8.788829, 41.712551], [8.776134, 41.722398], [8.784923, 41.742499], [8.760102, 41.742662], [8.719086, 41.730699], [8.695567, 41.729438], [8.69809, 41.733059], [8.702973, 41.742499], [8.688731, 41.741767], [8.677989, 41.744086], [8.667979, 41.747504], [8.655121, 41.749905], [8.668224, 41.754869], [8.6963, 41.758205], [8.709158, 41.763577], [8.71754, 41.77204], [8.722016, 41.782416], [8.720225, 41.791693], [8.709158, 41.797065], [8.709158, 41.804511], [8.731944, 41.804592], [8.752289, 41.809801], [8.784923, 41.824408], [8.78004, 41.83393], [8.772309, 41.840399], [8.76238, 41.844143], [8.750824, 41.845526], [8.783702, 41.853583], [8.791759, 41.859117], [8.789317, 41.861314], [8.785818, 41.867987], [8.781749, 41.873684], [8.778087, 41.872789], [8.79005, 41.886949], [8.791759, 41.887112], [8.794607, 41.892157], [8.803396, 41.900539], [8.805431, 41.906928], [8.803071, 41.907457], [8.791759, 41.913764], [8.785981, 41.922838], [8.781423, 41.928778], [8.775076, 41.932318], [8.764415, 41.934272], [8.744395, 41.932807], [8.710297, 41.918769], [8.688731, 41.913764], [8.647634, 41.911811], [8.629893, 41.908637], [8.614268, 41.900784], [8.60727, 41.913764], [8.618663, 41.930487], [8.614431, 41.944078], [8.586274, 41.96898], [8.635509, 41.972642], [8.65504, 41.978705], [8.668793, 41.996324], [8.656098, 42.002875], [8.664561, 42.014472], [8.684337, 42.02558], [8.706065, 42.030463], [8.711274, 42.033271], [8.738048, 42.043931], [8.743419, 42.044135], [8.744965, 42.056586], [8.739106, 42.063422], [8.723481, 42.072089], [8.706228, 42.100491], [8.699229, 42.10932], [8.688813, 42.111151], [8.660899, 42.105455], [8.655121, 42.10932], [8.647716, 42.122016], [8.629568, 42.130072], [8.6067, 42.133734], [8.586274, 42.13349], [8.591075, 42.14289], [8.593761, 42.146552], [8.586274, 42.151435], [8.578136, 42.154202], [8.569102, 42.154975], [8.559581, 42.153998], [8.569672, 42.155585], [8.577891, 42.158759], [8.593761, 42.16706], [8.593761, 42.174506], [8.565766, 42.174506], [8.565766, 42.181301], [8.577647, 42.184882], [8.581798, 42.194525], [8.57781, 42.204413], [8.565766, 42.208564]]], [[[-1.21939, 45.943915], [-1.224355, 45.935045], [-1.213938, 45.928046], [-1.18517, 45.915961], [-1.177724, 45.906928], [-1.176096, 45.898749], [-1.184193, 45.85635], [-1.194569, 45.830064], [-1.209218, 45.814154], [-1.226877, 45.81977], [-1.2412, 45.85456], [-1.24942, 45.867743], [-1.260365, 45.881822], [-1.319, 45.928127], [-1.340159, 45.938666], [-1.361724, 45.956732], [-1.378326, 45.975979], [-1.373891, 45.984931], [-1.371653, 45.995307], [-1.382924, 46.0185], [-1.404937, 46.053168], [-1.373891, 46.050238], [-1.339915, 46.037828], [-1.308705, 46.02025], [-1.285146, 46.001654], [-1.273834, 45.997626], [-1.26122, 46.000678], [-1.247629, 46.001776], [-1.233632, 45.991685], [-1.229563, 45.979234], [-1.231191, 45.967922], [-1.230458, 45.958197], [-1.21939, 45.950751], [-1.21939, 45.943915]]], [[[-1.281402, 46.156195], [-1.286285, 46.160102], [-1.290679, 46.161322], [-1.33609, 46.167222], [-1.432851, 46.210842], [-1.488922, 46.203355], [-1.504262, 46.207668], [-1.54483, 46.239895], [-1.555816, 46.245551], [-1.555816, 46.251776], [-1.498118, 46.261908], [-1.480092, 46.259223], [-1.472727, 46.255276], [-1.467885, 46.249905], [-1.467437, 46.243964], [-1.473866, 46.238105], [-1.497711, 46.245185], [-1.507965, 46.245551], [-1.490549, 46.224433], [-1.464182, 46.224921], [-1.435455, 46.233832], [-1.411122, 46.238105], [-1.411122, 46.231269], [-1.425364, 46.231269], [-1.425364, 46.223822], [-1.408762, 46.218248], [-1.308095, 46.206936], [-1.284739, 46.196438], [-1.265736, 46.180976], [-1.25414, 46.162421], [-1.263417, 46.161851], [-1.270863, 46.160224], [-1.281402, 46.156195]]], [[[-2.337229, 46.731594], [-2.298207, 46.72016], [-2.279693, 46.710273], [-2.268951, 46.697414], [-2.291371, 46.703599], [-2.371409, 46.704291], [-2.382924, 46.722642], [-2.375152, 46.731635], [-2.356801, 46.733791], [-2.337229, 46.731594]]], [[[-2.200103, 46.985419], [-2.189809, 46.97724], [-2.155751, 46.964911], [-2.144846, 46.957465], [-2.140045, 46.943427], [-2.137685, 46.923163], [-2.142568, 46.909857], [-2.159088, 46.91649], [-2.173695, 46.939154], [-2.194814, 46.961859], [-2.220204, 46.973863], [-2.247304, 46.964301], [-2.263173, 46.979804], [-2.278676, 47.018134], [-2.295644, 47.033189], [-2.238596, 47.035346], [-2.220448, 47.033189], [-2.200022, 47.024359], [-2.197418, 47.013007], [-2.201324, 46.999742], [-2.200103, 46.985419]]], [[[-3.114654, 47.331488], [-3.102691, 47.327338], [-3.072743, 47.328315], [-3.062815, 47.320624], [-3.067006, 47.301947], [-3.093617, 47.296617], [-3.171702, 47.301581], [-3.223459, 47.312161], [-3.240956, 47.320624], [-3.23762, 47.336371], [-3.245351, 47.352851], [-3.256174, 47.368801], [-3.262074, 47.383246], [-3.253651, 47.388861], [-3.249623, 47.395209], [-3.242991, 47.395331], [-3.23412, 47.389553], [-3.221506, 47.387519], [-3.176503, 47.371487], [-3.151601, 47.35814], [-3.148793, 47.355373], [-3.114654, 47.331488]]], [[[6.235037, 43.022406], [6.241885, 43.02565], [6.251004, 43.017297], [6.252209, 43.002632], [6.230235, 42.995347], [6.216482, 42.990383], [6.202485, 42.987128], [6.190115, 42.99018], [6.166189, 42.999661], [6.164724, 43.005072], [6.175141, 43.008979], [6.202973, 43.008002], [6.211599, 43.011623], [6.215017, 43.014716], [6.218272, 43.015448], [6.221039, 43.01496], [6.233393, 43.015582], [6.235037, 43.022406]]]]}}, {"type": "Feature", "properties": {"country": "spain"}, "geometry": {"type": "MultiPolygon", "coordinates": [[[[-5.340728, 35.847357], [-5.362898, 35.863807], [-5.378401, 35.881687], [-5.389718, 35.902047], [-5.398859, 35.924504], [-5.385162, 35.926174], [-5.3662, 35.92475], [-5.344106, 35.91474], [-5.327382, 35.904242], [-5.309316, 35.900824], [-5.28307, 35.911689], [-5.29186, 35.89053], [-5.335561, 35.862372], [-5.340728, 35.847357]]], [[[-2.947825, 35.329779], [-2.922027, 35.287991], [-2.913197, 35.277248], [-2.912913, 35.276923], [-2.943046, 35.267874], [-2.963768, 35.286219], [-2.96692, 35.313866], [-2.947825, 35.329779]]], [[[-1.794075, 43.386015], [-1.796449, 43.374382], [-1.797172, 43.353324], [-1.796914, 43.341128], [-1.768234, 43.330922], [-1.75578, 43.318546], [-1.752421, 43.299089], [-1.74973, 43.294793], [-1.747356, 43.291002], [-1.736556, 43.29232], [-1.724825, 43.296531], [-1.703328, 43.298624], [-1.683019, 43.304929], [-1.673872, 43.304154], [-1.654907, 43.297539], [-1.645037, 43.292372], [-1.645192, 43.287643], [-1.647983, 43.281545], [-1.646329, 43.272786], [-1.639043, 43.255681], [-1.634082, 43.251108], [-1.621886, 43.247], [-1.611086, 43.245811], [-1.598477, 43.247], [-1.587573, 43.251599], [-1.581888, 43.260358], [-1.573982, 43.277437], [-1.559047, 43.284077], [-1.539204, 43.283561], [-1.508094, 43.276765], [-1.466392, 43.260771], [-1.455281, 43.262218], [-1.444222, 43.265112], [-1.432233, 43.265009], [-1.403501, 43.243331], [-1.399677, 43.206744], [-1.410529, 43.166901], [-1.425774, 43.135275], [-1.438435, 43.122795], [-1.479621, 43.090265], [-1.487837, 43.081816], [-1.47528, 43.060138], [-1.457141, 43.045074], [-1.435024, 43.035721], [-1.410529, 43.030915], [-1.383141, 43.029209], [-1.366139, 43.033318], [-1.357613, 43.046831], [-1.355184, 43.073031], [-1.348259, 43.093081], [-1.331051, 43.107344], [-1.308623, 43.113571], [-1.286041, 43.109179], [-1.30697, 43.095975], [-1.315083, 43.082875], [-1.310587, 43.069491], [-1.293689, 43.055203], [-1.274879, 43.046831], [-1.216898, 43.03926], [-1.182533, 43.025282], [-1.149925, 43.005722], [-1.112408, 43.008254], [-1.103726, 43.005748], [-1.08719, 42.997997], [-1.079697, 42.993398], [-1.045074, 42.990219], [-1.028485, 42.986705], [-1.01629, 42.976241], [-0.98146, 42.957043], [-0.943219, 42.947896], [-0.863534, 42.943065], [-0.786433, 42.953271], [-0.759665, 42.946501], [-0.745032, 42.918727], [-0.740906, 42.910896], [-0.741423, 42.903894], [-0.744782, 42.899295], [-0.745867, 42.89392], [-0.740286, 42.884799], [-0.730106, 42.877513], [-0.720287, 42.876609], [-0.71052, 42.877668], [-0.700392, 42.876428], [-0.666079, 42.860744], [-0.648302, 42.849789], [-0.609493, 42.811445], [-0.608046, 42.807181], [-0.609958, 42.802841], [-0.610165, 42.799094], [-0.60355, 42.796846], [-0.587324, 42.796846], [-0.582931, 42.795839], [-0.577144, 42.789792], [-0.578539, 42.783307], [-0.578694, 42.777338], [-0.56903, 42.772636], [-0.561175, 42.77354], [-0.544432, 42.782015], [-0.535647, 42.784211], [-0.53389, 42.808008], [-0.508414, 42.807492], [-0.454464, 42.788914], [-0.423923, 42.790671], [-0.399738, 42.801316], [-0.351679, 42.829247], [-0.342998, 42.822736], [-0.335169, 42.824958], [-0.328244, 42.83258], [-0.322792, 42.842502], [-0.307418, 42.831831], [-0.305135, 42.83081], [-0.247034, 42.80483], [-0.235149, 42.786227], [-0.208355, 42.783875], [-0.17939, 42.789741], [-0.161407, 42.795348], [-0.163629, 42.777984], [-0.157789, 42.760699], [-0.145723, 42.745893], [-0.129238, 42.735894], [-0.123114, 42.730364], [-0.121822, 42.723311], [-0.119032, 42.716851], [-0.10849, 42.713363], [-0.095752, 42.710676], [-0.088853, 42.706128], [-0.084202, 42.70109], [-0.078414, 42.696671], [-0.038933, 42.685148], [-0.00431, 42.687525], [0.072843, 42.70848], [0.134183, 42.715223], [0.152941, 42.724603], [0.169168, 42.726463], [0.222394, 42.716205], [0.238362, 42.710366], [0.259808, 42.682383], [0.275388, 42.668689], [0.290245, 42.670291], [0.318306, 42.699539], [0.336031, 42.712691], [0.354169, 42.717497], [0.381816, 42.700108], [0.384012, 42.696852], [0.383676, 42.692692], [0.3844, 42.688584], [0.389283, 42.685148], [0.409282, 42.682254], [0.42879, 42.683029], [0.466927, 42.690444], [0.483515, 42.685303], [0.608159, 42.68799], [0.643609, 42.684476], [0.656735, 42.68799], [0.663426, 42.696214], [0.665416, 42.698661], [0.66645, 42.714758], [0.659629, 42.729899], [0.64764, 42.741036], [0.63348, 42.744782], [0.639578, 42.754833], [0.643299, 42.759071], [0.65074, 42.763386], [0.639681, 42.774677], [0.653737, 42.802686], [0.651567, 42.824054], [0.656321, 42.83842], [0.679369, 42.845112], [0.706757, 42.846585], [0.724327, 42.845293], [0.758847, 42.835268], [0.776314, 42.832451], [0.795744, 42.833847], [0.812901, 42.831624], [0.856102, 42.812763], [0.885765, 42.804236], [0.894446, 42.799327], [0.910363, 42.787674], [0.921111, 42.784366], [0.93062, 42.788035], [0.940025, 42.793668], [0.950257, 42.796123], [0.958732, 42.79372], [0.975268, 42.783746], [0.982916, 42.780361], [1.068182, 42.776124], [1.08906, 42.771318], [1.106733, 42.759613], [1.116552, 42.745247], [1.124096, 42.729744], [1.134328, 42.715973], [1.151485, 42.706723], [1.162544, 42.705689], [1.195927, 42.713647], [1.319123, 42.713363], [1.342584, 42.70866], [1.338243, 42.694449], [1.343308, 42.690444], [1.352713, 42.690057], [1.361084, 42.686724], [1.378758, 42.663237], [1.397981, 42.643626], [1.414828, 42.609338], [1.429297, 42.595386], [1.424853, 42.589365], [1.419272, 42.579263], [1.418032, 42.569832], [1.426403, 42.565646], [1.4263, 42.561796], [1.409764, 42.540609], [1.406456, 42.52924], [1.428987, 42.531462], [1.446557, 42.519886], [1.449968, 42.504073], [1.430227, 42.493557], [1.424543, 42.492472], [1.407593, 42.486762], [1.436429, 42.453482], [1.436429, 42.440951], [1.447901, 42.434646], [1.508466, 42.428677], [1.51663, 42.429504], [1.528206, 42.434233], [1.534511, 42.439917], [1.538851, 42.445653], [1.544432, 42.450356], [1.607478, 42.456428], [1.639517, 42.466427], [1.650369, 42.493402], [1.653986, 42.496529], [1.656984, 42.49764], [1.659774, 42.496813], [1.662358, 42.493712], [1.674244, 42.490508], [1.686336, 42.490612], [1.697498, 42.494462], [1.707006, 42.502781], [1.710004, 42.501335], [1.711967, 42.499293], [1.712691, 42.496787], [1.712174, 42.493712], [1.730571, 42.488054], [1.792686, 42.481723], [1.813667, 42.475238], [1.869787, 42.44679], [1.893248, 42.442733], [1.911955, 42.441958], [1.927458, 42.436894], [1.941101, 42.420099], [1.954227, 42.382685], [1.963735, 42.367234], [1.983372, 42.354548], [1.995671, 42.348682], [2.00921, 42.34708], [2.035255, 42.349251], [2.051688, 42.352351], [2.063264, 42.357907], [2.08011, 42.371265], [2.103985, 42.38483], [2.108739, 42.390644], [2.116284, 42.405397], [2.121038, 42.410617], [2.136954, 42.416223], [2.184187, 42.411805], [2.245992, 42.426119], [2.277411, 42.428626], [2.305316, 42.416973], [2.317305, 42.409609], [2.375493, 42.389326], [2.406602, 42.384262], [2.422518, 42.383693], [2.429856, 42.367544], [2.445566, 42.351964], [2.464893, 42.340621], [2.483393, 42.336978], [2.50365, 42.328451], [2.514812, 42.325661], [2.525251, 42.325893], [2.531969, 42.330776], [2.540341, 42.346977], [2.548092, 42.352248], [2.567419, 42.352636], [2.613411, 42.340957], [2.635425, 42.337882], [2.662194, 42.339019], [2.66178, 42.34336], [2.649378, 42.353721], [2.640283, 42.372841], [2.648241, 42.381471], [2.690409, 42.406172], [2.708082, 42.41289], [2.728546, 42.414027], [2.767717, 42.409557], [2.788594, 42.412012], [2.804614, 42.419557], [2.834793, 42.441312], [2.850813, 42.448366], [2.866936, 42.449632], [2.884092, 42.449193], [2.900835, 42.45126], [2.933702, 42.470225], [2.966051, 42.461001], [2.983104, 42.469321], [2.99375, 42.467616], [3.022998, 42.467047], [3.029613, 42.465652], [3.036021, 42.454619], [3.043876, 42.445266], [3.053591, 42.437643], [3.06558, 42.432011], [3.086147, 42.427179], [3.111675, 42.425008], [3.137824, 42.425939], [3.18097, 42.431484], [3.178722, 42.417996], [3.170177, 42.396593], [3.17449, 42.380886], [3.17449, 42.363796], [3.187348, 42.349514], [3.204194, 42.339586], [3.226492, 42.342515], [3.249848, 42.343207], [3.263031, 42.32921], [3.269867, 42.32921], [3.28061, 42.336859], [3.293712, 42.334988], [3.317719, 42.322984], [3.294037, 42.288031], [3.290375, 42.278062], [3.287039, 42.262926], [3.279389, 42.255642], [3.270356, 42.250108], [3.263031, 42.239854], [3.247162, 42.245714], [3.210134, 42.239732], [3.178722, 42.249701], [3.170177, 42.25967], [3.151622, 42.256822], [3.1303, 42.239732], [3.118826, 42.218329], [3.117442, 42.182847], [3.116466, 42.158433], [3.122488, 42.140489], [3.138601, 42.127631], [3.173106, 42.112006], [3.192299, 42.092921], [3.214496, 42.068334], [3.213009, 42.055986], [3.19986, 42.04619], [3.195896, 42.033118], [3.201589, 42.017442], [3.20696, 41.99669], [3.207856, 41.990017], [3.211843, 41.984605], [3.230561, 41.973009], [3.235688, 41.965522], [3.232188, 41.946031], [3.207449, 41.913926], [3.194916, 41.888292], [3.178559, 41.87523], [3.150165, 41.845351], [3.116829, 41.847569], [3.078631, 41.826618], [3.069058, 41.799076], [3.040341, 41.78689], [2.950938, 41.73428], [2.932991, 41.712464], [2.90087, 41.706706], [2.877254, 41.701958], [2.851085, 41.69717], [2.84018, 41.694648], [2.83546, 41.692572], [2.82016, 41.681952], [2.817068, 41.677639], [2.813162, 41.670315], [2.803722, 41.668647], [2.792003, 41.669013], [2.778497, 41.645582], [2.651866, 41.605292], [2.449474, 41.535224], [2.428966, 41.518948], [2.371349, 41.489203], [2.296723, 41.465318], [2.267345, 41.448635], [2.240408, 41.420966], [2.191905, 41.356757], [2.163259, 41.326646], [2.130544, 41.303656], [2.060313, 41.274604], [2.019705, 41.265855], [1.951345, 41.260688], [1.884125, 41.247504], [1.86378, 41.238105], [1.854015, 41.235989], [1.819835, 41.237128], [1.62436, 41.192165], [1.539236, 41.187445], [1.288097, 41.116278], [1.217784, 41.104682], [1.210053, 41.09988], [1.192475, 41.075995], [1.18865, 41.068305], [1.183604, 41.062567], [1.172944, 41.058661], [1.149099, 41.069648], [1.141694, 41.071723], [1.097667, 41.070868], [1.055675, 41.064887], [1.017426, 41.051785], [0.990408, 41.0397], [0.877452, 40.954779], [0.822765, 40.899604], [0.714203, 40.815212], [0.694835, 40.785997], [0.721528, 40.774278], [0.750173, 40.76557], [0.76238, 40.766059], [0.767263, 40.771023], [0.76352, 40.778388], [0.750173, 40.785997], [0.766938, 40.78502], [0.780528, 40.779486], [0.792003, 40.771186], [0.815929, 40.748399], [0.841807, 40.732123], [0.854177, 40.73314], [0.873709, 40.727932], [0.872406, 40.707099], [0.858084, 40.686265], [0.848318, 40.67536], [0.784028, 40.660956], [0.756358, 40.642239], [0.707042, 40.583401], [0.677094, 40.565172], [0.64796, 40.556912], [0.615896, 40.553453], [0.592459, 40.582099], [0.640636, 40.586859], [0.663178, 40.574734], [0.696218, 40.590359], [0.732677, 40.633734], [0.712494, 40.636176], [0.682221, 40.634223], [0.599783, 40.613715], [0.58017, 40.603664], [0.563487, 40.590033], [0.548513, 40.572333], [0.517426, 40.51435], [0.501313, 40.484198], [0.483409, 40.465033], [0.466156, 40.45067], [0.452647, 40.434068], [0.446137, 40.408433], [0.420258, 40.388251], [0.350597, 40.284898], [0.338959, 40.274359], [0.312104, 40.257514], [0.298839, 40.246772], [0.26474, 40.209784], [0.205251, 40.171536], [0.144542, 40.078843], [0.117035, 40.056342], [0.066173, 40.031928], [0.040497, 40.002875], [-0.002919, 39.931952], [-0.028676, 39.901801], [-0.091298, 39.847927], [-0.194488, 39.71544], [-0.199818, 39.704942], [-0.202138, 39.680854], [-0.208933, 39.664089], [-0.219838, 39.651394], [-0.243723, 39.631049], [-0.257436, 39.616238], [-0.269561, 39.5987], [-0.274892, 39.581814], [-0.281484, 39.569363], [-0.312734, 39.534003], [-0.323354, 39.516221], [-0.330593, 39.480407], [-0.327472, 39.430675], [-0.320668, 39.388129], [-0.30134, 39.322008], [-0.238701, 39.215446], [-0.227818, 39.199336], [-0.215493, 39.181839], [-0.227857, 39.175245], [-0.242182, 39.166275], [-0.236505, 39.148053], [-0.226703, 39.111782], [-0.210027, 39.07869], [-0.18404, 39.042259], [-0.15803, 39.002143], [-0.120676, 38.951117], [-0.105946, 38.93651], [-0.068593, 38.913398], [-0.030995, 38.882758], [-0.009755, 38.869696], [0.017426, 38.864325], [0.06308, 38.860785], [0.111013, 38.849921], [0.153982, 38.831], [0.185313, 38.803534], [0.181, 38.801907], [0.170909, 38.796088], [0.182872, 38.791815], [0.190766, 38.785224], [0.217865, 38.768134], [0.227712, 38.770209], [0.23406, 38.75788], [0.234548, 38.742255], [0.227712, 38.734565], [0.208995, 38.73371], [0.192068, 38.730414], [0.176768, 38.724026], [0.162608, 38.713528], [0.15089, 38.69245], [0.148936, 38.689927], [0.14503, 38.686347], [0.125743, 38.685492], [0.118582, 38.682807], [0.105317, 38.672553], [0.093679, 38.667629], [0.083018, 38.660956], [0.073131, 38.645209], [0.080577, 38.631008], [0.060435, 38.634833], [0.046641, 38.632229], [0.033376, 38.627387], [0.015025, 38.624742], [-0.01476, 38.624416], [-0.028798, 38.620673], [-0.042958, 38.611721], [-0.054758, 38.595282], [-0.055084, 38.580756], [-0.053619, 38.566962], [-0.060048, 38.55272], [-0.075429, 38.539944], [-0.090199, 38.535346], [-0.131744, 38.535346], [-0.176991, 38.527248], [-0.202138, 38.519599], [-0.233957, 38.501654], [-0.329416, 38.470038], [-0.344553, 38.461615], [-0.350819, 38.450019], [-0.358713, 38.44595], [-0.395172, 38.413764], [-0.406077, 38.398871], [-0.410146, 38.37934], [-0.409983, 38.368964], [-0.413686, 38.364814], [-0.445872, 38.36343], [-0.460194, 38.360053], [-0.47057, 38.351874], [-0.474355, 38.336737], [-0.509836, 38.338365], [-0.518788, 38.298651], [-0.504018, 38.207221], [-0.515452, 38.195502], [-0.532867, 38.192165], [-0.568837, 38.1942], [-0.591379, 38.189643], [-0.609486, 38.178046], [-0.623687, 38.162421], [-0.634389, 38.145819], [-0.640736, 38.131659], [-0.645009, 38.116034], [-0.64802, 38.073798], [-0.652496, 38.007758], [-0.65453, 37.989325], [-0.663401, 37.980292], [-0.689931, 37.972154], [-0.708852, 37.956285], [-0.718414, 37.94302], [-0.758616, 37.863349], [-0.760732, 37.847073], [-0.760569, 37.845852], [-0.756093, 37.806057], [-0.760732, 37.796129], [-0.787994, 37.822821], [-0.812408, 37.770087], [-0.825551, 37.761379], [-0.847808, 37.75609], [-0.856109, 37.742499], [-0.85261, 37.723782], [-0.819814, 37.676703], [-0.809926, 37.666897], [-0.777699, 37.650092], [-0.754791, 37.641303], [-0.734853, 37.63935], [-0.726471, 37.651516], [-0.707997, 37.643012], [-0.701243, 37.631334], [-0.705312, 37.619534], [-0.719716, 37.610541], [-0.727895, 37.60342], [-0.736643, 37.599433], [-0.745676, 37.599433], [-0.754506, 37.604315], [-0.764027, 37.599595], [-0.791493, 37.591457], [-0.807973, 37.588446], [-0.836415, 37.576402], [-0.873891, 37.576402], [-0.886708, 37.574286], [-0.900624, 37.569037], [-0.92516, 37.555894], [-0.933705, 37.561021], [-0.9735, 37.576402], [-1.006418, 37.581448], [-1.069936, 37.582587], [-1.087758, 37.580878], [-1.103424, 37.576402], [-1.114654, 37.568671], [-1.119985, 37.559027], [-1.116851, 37.549384], [-1.105767, 37.532135], [-1.137172, 37.538001], [-1.167057, 37.543755], [-1.173408, 37.555076], [-1.178585, 37.563883], [-1.199732, 37.566565], [-1.228993, 37.576077], [-1.242699, 37.579203], [-1.257667, 37.567013], [-1.261671, 37.557661], [-1.289784, 37.558417], [-1.323735, 37.561991], [-1.353261, 37.549913], [-1.369171, 37.541368], [-1.413686, 37.506537], [-1.430369, 37.498114], [-1.450225, 37.494696], [-1.455556, 37.492703], [-1.46349, 37.487982], [-1.470896, 37.482245], [-1.47411, 37.477607], [-1.476674, 37.472724], [-1.487294, 37.439765], [-1.488352, 37.433214], [-1.496938, 37.427802], [-1.502797, 37.429267], [-1.508168, 37.432685], [-1.515004, 37.433214], [-1.523915, 37.428656], [-1.543731, 37.414984], [-1.552968, 37.412177], [-1.567738, 37.409939], [-1.618723, 37.392279], [-1.641618, 37.381036], [-1.645913, 37.369247], [-1.652839, 37.361259], [-1.670888, 37.363308], [-1.680165, 37.354438], [-1.68578, 37.336982], [-1.698964, 37.316433], [-1.728505, 37.282416], [-1.787221, 37.235216], [-1.812734, 37.207058], [-1.830352, 37.166368], [-1.837758, 37.131619], [-1.849843, 37.104438], [-1.855214, 37.076606], [-1.884999, 37.015489], [-1.906117, 36.987616], [-1.906972, 36.975287], [-1.904164, 36.966376], [-1.900502, 36.958767], [-1.898671, 36.950059], [-1.900339, 36.941189], [-1.905222, 36.935981], [-1.912872, 36.933539], [-1.935292, 36.932196], [-1.941396, 36.929877], [-1.953847, 36.919949], [-1.988922, 36.900499], [-2.002797, 36.88703], [-2.013051, 36.845771], [-2.02477, 36.833767], [-2.040476, 36.824327], [-2.056874, 36.810085], [-2.06074, 36.802436], [-2.065907, 36.783555], [-2.071156, 36.775336], [-2.080312, 36.770616], [-2.09142, 36.768256], [-2.100819, 36.765163], [-2.111073, 36.746121], [-2.126698, 36.736396], [-2.146718, 36.729926], [-2.166127, 36.727566], [-2.203643, 36.737128], [-2.231679, 36.760077], [-2.256134, 36.78738], [-2.282786, 36.810085], [-2.318349, 36.827908], [-2.339141, 36.834255], [-2.361684, 36.836778], [-2.380238, 36.833767], [-2.412709, 36.820014], [-2.433095, 36.81627], [-2.442332, 36.818305], [-2.46939, 36.827745], [-2.481435, 36.829942], [-2.56078, 36.818793], [-2.576894, 36.811306], [-2.59671, 36.773098], [-2.617177, 36.72842], [-2.64269, 36.707017], [-2.647572, 36.704169], [-2.658884, 36.69481], [-2.684356, 36.685981], [-2.718251, 36.682034], [-2.736195, 36.687405], [-2.756663, 36.680365], [-2.782948, 36.694607], [-2.802602, 36.707302], [-2.820994, 36.713894], [-2.829986, 36.711737], [-2.83906, 36.702419], [-2.848256, 36.700222], [-2.858754, 36.704942], [-2.886098, 36.734402], [-2.913971, 36.750312], [-2.933258, 36.751654], [-2.987719, 36.737109], [-3.076453, 36.749756], [-3.156711, 36.744526], [-3.227895, 36.754828], [-3.329579, 36.7449], [-3.34439, 36.736925], [-3.358306, 36.725938], [-3.378774, 36.713894], [-3.415155, 36.695516], [-3.477602, 36.696096], [-3.515963, 36.721047], [-3.53606, 36.718406], [-3.549832, 36.712373], [-3.586402, 36.726579], [-3.6011, 36.74255], [-3.63242, 36.74128], [-3.665667, 36.73937], [-3.679822, 36.728808], [-3.731281, 36.724097], [-3.803433, 36.742474], [-3.838541, 36.75197], [-3.889445, 36.743388], [-3.960961, 36.726793], [-4.056711, 36.747992], [-4.079958, 36.743564], [-4.110172, 36.725733], [-4.197011, 36.715399], [-4.224721, 36.712388], [-4.403188, 36.723863], [-4.420318, 36.719875], [-4.433258, 36.710679], [-4.461171, 36.671454], [-4.466868, 36.663031], [-4.480458, 36.65119], [-4.491119, 36.636664], [-4.495351, 36.620551], [-4.524826, 36.580715], [-4.5878, 36.573818], [-4.615021, 36.530556], [-4.64981, 36.512112], [-4.65925, 36.507636], [-4.680287, 36.5008], [-4.722768, 36.492987], [-4.764231, 36.493964], [-4.88032, 36.505683], [-4.902659, 36.506537], [-4.91218, 36.504014], [-4.923533, 36.496853], [-4.994166, 36.457094], [-5.062489, 36.452216], [-5.108713, 36.429023], [-5.121042, 36.425564], [-5.157623, 36.421942], [-5.173655, 36.417426], [-5.186554, 36.4112], [-5.199656, 36.397162], [-5.227122, 36.357937], [-5.227935, 36.348538], [-5.2447, 36.312079], [-5.253651, 36.297105], [-5.258616, 36.292548], [-5.26594, 36.287095], [-5.274119, 36.282538], [-5.290598, 36.277411], [-5.289499, 36.269843], [-5.285308, 36.26081], [-5.29662, 36.247382], [-5.329335, 36.198147], [-5.334055, 36.187812], [-5.338773, 36.14112], [-5.358387, 36.141109], [-5.366607, 36.163153], [-5.382517, 36.172309], [-5.406077, 36.179226], [-5.425445, 36.179755], [-5.4287, 36.169989], [-5.437896, 36.161485], [-5.442332, 36.14879], [-5.441477, 36.134548], [-5.434885, 36.121527], [-5.43989, 36.114203], [-5.437164, 36.0987], [-5.43163, 36.088935], [-5.4287, 36.080797], [-5.431833, 36.069566], [-5.438629, 36.062812], [-5.445505, 36.05744], [-5.466501, 36.050727], [-5.566599, 36.021633], [-5.581003, 36.013983], [-5.611765, 36.006456], [-5.629709, 36.03677], [-5.671702, 36.055976], [-5.689361, 36.067125], [-5.713124, 36.059963], [-5.733876, 36.06566], [-5.753651, 36.075588], [-5.796051, 36.085517], [-5.811269, 36.096829], [-5.832753, 36.122382], [-5.897898, 36.173896], [-5.917185, 36.184068], [-5.938954, 36.183824], [-5.983551, 36.176988], [-6.036773, 36.189521], [-6.062489, 36.217231], [-6.082183, 36.250678], [-6.104726, 36.280707], [-6.159454, 36.304307], [-6.165964, 36.318712], [-6.168528, 36.335313], [-6.175201, 36.353583], [-6.184193, 36.370714], [-6.218373, 36.402452], [-6.242055, 36.446479], [-6.25711, 36.476426], [-6.279612, 36.511298], [-6.301422, 36.525987], [-6.310007, 36.534125], [-6.297678, 36.538764], [-6.289377, 36.537299], [-6.257517, 36.51378], [-6.248972, 36.504747], [-6.254099, 36.496283], [-6.246653, 36.48664], [-6.231475, 36.472683], [-6.219065, 36.474962], [-6.211497, 36.480536], [-6.200754, 36.493842], [-6.179351, 36.513536], [-6.186472, 36.514228], [-6.206817, 36.508897], [-6.224355, 36.51085], [-6.232452, 36.52619], [-6.226023, 36.556667], [-6.234893, 36.575751], [-6.283193, 36.612372], [-6.293853, 36.616848], [-6.361724, 36.620551], [-6.379791, 36.624254], [-6.394683, 36.636908], [-6.406972, 36.676703], [-6.417633, 36.69595], [-6.431549, 36.714586], [-6.437896, 36.733303], [-6.433339, 36.751207], [-6.41454, 36.767646], [-6.396311, 36.775092], [-6.358876, 36.785834], [-6.345611, 36.794989], [-6.335194, 36.818264], [-6.343739, 36.859931], [-6.338206, 36.883734], [-6.304351, 36.907213], [-6.223256, 36.90233], [-6.194814, 36.932115], [-6.214019, 36.921698], [-6.239654, 36.913398], [-6.265045, 36.912909], [-6.283559, 36.92593], [-6.325917, 36.912665], [-6.344716, 36.901272], [-6.352447, 36.880276], [-6.346669, 36.819892], [-6.352447, 36.80858], [-6.38801, 36.808173], [-6.416249, 36.837795], [-6.448638, 36.904202], [-6.471099, 36.935614], [-6.499582, 36.959662], [-6.744862, 37.101386], [-6.771474, 37.112779], [-6.794667, 37.117743], [-6.811757, 37.123725], [-6.853017, 37.151109], [-6.87328, 37.158677], [-6.892893, 37.166571], [-6.910878, 37.188951], [-6.917633, 37.215074], [-6.910756, 37.227607], [-6.898752, 37.235785], [-6.864125, 37.277533], [-6.852691, 37.295233], [-6.903472, 37.249579], [-6.931142, 37.233873], [-6.962554, 37.233832], [-6.962554, 37.227607], [-6.940745, 37.20067], [-6.930084, 37.183173], [-6.928456, 37.172349], [-6.94164, 37.171088], [-7.029368, 37.205512], [-7.061676, 37.213935], [-7.10104, 37.224251], [-7.127349, 37.214748], [-7.098988, 37.2119], [-7.085561, 37.206488], [-7.32787, 37.201565], [-7.343088, 37.196234], [-7.362904, 37.181708], [-7.381418, 37.179918], [-7.398508, 37.185452], [-7.414418, 37.192816], [-7.429387, 37.236746], [-7.434244, 37.259329], [-7.427578, 37.274522], [-7.437448, 37.307336], [-7.444993, 37.386763], [-7.462253, 37.417872], [-7.460031, 37.429138], [-7.462925, 37.451126], [-7.468868, 37.475569], [-7.475947, 37.49425], [-7.481477, 37.500374], [-7.498633, 37.511665], [-7.506333, 37.518124], [-7.514613, 37.528334], [-7.515428, 37.529338], [-7.517547, 37.535178], [-7.518425, 37.541947], [-7.52367, 37.555667], [-7.527598, 37.555512], [-7.529122, 37.556701], [-7.529691, 37.567165], [-7.526487, 37.571196], [-7.515841, 37.580937], [-7.514653, 37.585872], [-7.512534, 37.590368], [-7.511759, 37.595277], [-7.514343, 37.601401], [-7.504886, 37.606388], [-7.478479, 37.628867], [-7.471606, 37.636903], [-7.466335, 37.651966], [-7.45755, 37.700077], [-7.444011, 37.730153], [-7.426338, 37.750617], [-7.334405, 37.811931], [-7.306862, 37.850766], [-7.295803, 37.884872], [-7.273892, 37.931536], [-7.268621, 37.949235], [-7.269086, 37.959441], [-7.272135, 37.96895], [-7.272704, 37.977011], [-7.265831, 37.982954], [-7.23405, 37.98807], [-7.223301, 37.993832], [-7.21033, 37.993031], [-7.197618, 37.98993], [-7.185267, 37.98869], [-7.172865, 37.993832], [-7.159739, 37.996803], [-7.152246, 38.000653], [-7.141911, 38.011583], [-7.131989, 38.032383], [-7.123256, 38.040005], [-7.105944, 38.038661], [-7.049358, 38.020213], [-7.023985, 38.022564], [-7.015769, 38.046826], [-7.006363, 38.059332], [-6.99763, 38.089614], [-6.978975, 38.119948], [-6.965487, 38.153331], [-6.957633, 38.168162], [-6.947504, 38.196636], [-6.950576, 38.198386], [-6.964196, 38.206145], [-6.992101, 38.204284], [-7.018146, 38.198031], [-7.02104, 38.198238], [-7.026414, 38.199633], [-7.038713, 38.186223], [-7.063053, 38.177542], [-7.088322, 38.173382], [-7.103515, 38.173588], [-7.117068, 38.183633], [-7.126873, 38.1909], [-7.167181, 38.272084], [-7.1724, 38.276528], [-7.189453, 38.286527], [-7.196326, 38.29216], [-7.200667, 38.298387], [-7.207126, 38.311694], [-7.211364, 38.317533], [-7.317146, 38.424581], [-7.345516, 38.440962], [-7.35921, 38.446362], [-7.344844, 38.458326], [-7.335181, 38.469436], [-7.334095, 38.481011], [-7.345619, 38.494137], [-7.335801, 38.505868], [-7.317714, 38.556252], [-7.275856, 38.60382], [-7.27043, 38.617696], [-7.273531, 38.625395], [-7.279422, 38.628909], [-7.286036, 38.631907], [-7.290946, 38.638159], [-7.292496, 38.646118], [-7.292961, 38.656272], [-7.290946, 38.679087], [-7.284073, 38.713245], [-7.280714, 38.720428], [-7.272187, 38.733735], [-7.27043, 38.737507], [-7.225878, 38.766134], [-7.211519, 38.77536], [-7.196429, 38.779985], [-7.179738, 38.790889], [-7.166199, 38.803421], [-7.160618, 38.812903], [-7.151006, 38.819285], [-7.104859, 38.827192], [-7.088684, 38.833367], [-7.07654, 38.843237], [-7.064293, 38.851118], [-7.056076, 38.855149], [-7.057265, 38.869437], [-7.0522, 38.884992], [-7.06605, 38.904603], [-7.044501, 38.918633], [-7.022125, 38.94287], [-6.988638, 38.993771], [-6.97882, 39.003822], [-6.973291, 39.013951], [-6.974893, 39.02302], [-6.986313, 39.030074], [-6.979388, 39.047178], [-6.985693, 39.066764], [-6.999697, 39.084696], [-7.015769, 39.096814], [-7.038816, 39.109138], [-7.064913, 39.114771], [-7.091268, 39.112446], [-7.115194, 39.101103], [-7.127286, 39.097485], [-7.142531, 39.099527], [-7.157207, 39.105444], [-7.167491, 39.113479], [-7.168886, 39.121851], [-7.15793, 39.141385], [-7.155812, 39.151513], [-7.168059, 39.170633], [-7.191572, 39.17916], [-7.219322, 39.184844], [-7.244127, 39.195645], [-7.258079, 39.211303], [-7.265779, 39.231353], [-7.264332, 39.252334], [-7.250845, 39.270627], [-7.300454, 39.317911], [-7.319264, 39.329538], [-7.326654, 39.341321], [-7.331408, 39.362611], [-7.331925, 39.384729], [-7.326706, 39.398837], [-7.318851, 39.413254], [-7.313632, 39.436095], [-7.313528, 39.457438], [-7.320918, 39.467411], [-7.362931, 39.476093], [-7.38417, 39.483999], [-7.399414, 39.493663], [-7.408923, 39.515574], [-7.417553, 39.524204], [-7.451349, 39.537846], [-7.468092, 39.550249], [-7.497858, 39.581048], [-7.515841, 39.59376], [-7.548243, 39.663213], [-7.555872, 39.677207], [-7.557286, 39.679801], [-7.341433, 39.671843], [-7.327843, 39.674789], [-7.311409, 39.680318], [-7.292754, 39.683315], [-7.25286, 39.682333], [-7.235755, 39.686519], [-7.214051, 39.676184], [-7.18289, 39.675099], [-7.035767, 39.689258], [-7.021143, 39.694012], [-7.009619, 39.715458], [-7.010704, 39.722796], [-7.01365, 39.729617], [-7.01334, 39.738919], [-7.008741, 39.748324], [-6.996803, 39.764706], [-6.993031, 39.774214], [-6.994581, 39.782586], [-6.99887, 39.791784], [-7.000266, 39.802533], [-6.993031, 39.816072], [-6.985228, 39.821136], [-6.962335, 39.828526], [-6.952827, 39.832867], [-6.92766, 39.861909], [-6.92425, 39.871573], [-6.923474, 39.888316], [-6.921769, 39.897152], [-6.921562, 39.902165], [-6.925128, 39.912242], [-6.925231, 39.917926], [-6.922286, 39.922422], [-6.912571, 39.928107], [-6.909522, 39.931982], [-6.903682, 39.956684], [-6.899755, 39.965624], [-6.901615, 39.976476], [-6.896913, 39.987121], [-6.879705, 40.009187], [-6.919909, 40.064894], [-6.94213, 40.08634], [-6.955721, 40.102928], [-6.966418, 40.110318], [-6.977166, 40.113418], [-7.003676, 40.116312], [-7.015769, 40.119051], [-7.027654, 40.132642], [-7.034837, 40.166748], [-7.043105, 40.181373], [-7.034579, 40.193052], [-7.02476, 40.216203], [-7.015769, 40.225504], [-6.997785, 40.231706], [-6.954687, 40.253358], [-6.942101, 40.254978], [-6.935412, 40.255839], [-6.915826, 40.254443], [-6.896448, 40.255477], [-6.878051, 40.265244], [-6.875105, 40.271238], [-6.874509, 40.279188], [-6.873865, 40.287775], [-6.870196, 40.295526], [-6.863943, 40.300952], [-6.820793, 40.325343], [-6.811957, 40.33232], [-6.794438, 40.356401], [-6.82808, 40.380585], [-6.851283, 40.409524], [-6.857122, 40.442132], [-6.838673, 40.47722], [-6.815316, 40.502542], [-6.812525, 40.514634], [-6.818055, 40.531894], [-6.828545, 40.545537], [-6.839759, 40.55458], [-6.848389, 40.56476], [-6.850456, 40.582227], [-6.844461, 40.597781], [-6.82131, 40.630183], [-6.814282, 40.647184], [-6.814231, 40.659328], [-6.816246, 40.677156], [-6.824307, 40.710694], [-6.836968, 40.743302], [-6.839139, 40.757513], [-6.839139, 40.776892], [-6.837278, 40.786762], [-6.834539, 40.79224], [-6.833506, 40.797821], [-6.836813, 40.808311], [-6.838053, 40.814926], [-6.836658, 40.840247], [-6.820328, 40.844226], [-6.816194, 40.856835], [-6.821155, 40.870065], [-6.832059, 40.875904], [-6.847045, 40.878901], [-6.855262, 40.887221], [-6.863633, 40.908305], [-6.885182, 40.948923], [-6.899238, 40.966751], [-6.930606, 40.992073], [-6.940424, 41.00339], [-6.942491, 41.015999], [-6.931794, 41.029125], [-6.927867, 41.047935], [-6.927448, 41.048098], [-6.906835, 41.0561], [-6.845288, 41.051914], [-6.818003, 41.054136], [-6.80436, 41.06442], [-6.764776, 41.108861], [-6.756508, 41.127051], [-6.758988, 41.151753], [-6.755216, 41.158833], [-6.742245, 41.171442], [-6.70695, 41.194334], [-6.701266, 41.202447], [-6.693773, 41.217382], [-6.658219, 41.257845], [-6.646644, 41.267611], [-6.628919, 41.269937], [-6.563496, 41.270712], [-6.554453, 41.275621], [-6.495852, 41.294948], [-6.463141, 41.31412], [-6.430998, 41.339028], [-6.399579, 41.377475], [-6.395496, 41.378406], [-6.383197, 41.376545], [-6.379167, 41.377475], [-6.376738, 41.383005], [-6.375549, 41.390808], [-6.376169, 41.396854], [-6.379167, 41.397319], [-6.366248, 41.405174], [-6.352347, 41.409256], [-6.321134, 41.411013], [-6.321031, 41.419592], [-6.282945, 41.465635], [-6.28248, 41.472302], [-6.285167, 41.478968], [-6.285891, 41.486874], [-6.279534, 41.497003], [-6.253645, 41.517519], [-6.205947, 41.57028], [-6.216127, 41.580099], [-6.23008, 41.594904], [-6.272248, 41.628235], [-6.317103, 41.650146], [-6.365937, 41.663608], [-6.447069, 41.676243], [-6.460815, 41.676553], [-6.46774, 41.672057], [-6.474355, 41.665933], [-6.488049, 41.658802], [-6.503035, 41.653092], [-6.513422, 41.650921], [-6.541534, 41.658905], [-6.55528, 41.674899], [-6.560499, 41.694459], [-6.563083, 41.713036], [-6.567682, 41.722442], [-6.574349, 41.731046], [-6.577397, 41.739727], [-6.571506, 41.74921], [-6.564375, 41.757504], [-6.560137, 41.766883], [-6.535746, 41.848584], [-6.524222, 41.86742], [-6.550061, 41.873879], [-6.567889, 41.875869], [-6.575795, 41.882897], [-6.567631, 41.926072], [-6.571661, 41.942609], [-6.585149, 41.95465], [-6.609488, 41.962324], [-6.622821, 41.940955], [-6.656772, 41.933075], [-6.727983, 41.930853], [-6.757903, 41.93757], [-6.794387, 41.979713], [-6.824928, 41.983769], [-6.831232, 41.953952], [-6.854952, 41.942945], [-6.917118, 41.939095], [-6.945127, 41.943358], [-6.969518, 41.957698], [-6.983456, 41.962996], [-6.992359, 41.96638], [-7.015769, 41.953668], [-7.05127, 41.942015], [-7.082741, 41.952789], [-7.113179, 41.972426], [-7.145373, 41.98749], [-7.159739, 41.985733], [-7.177309, 41.978369], [-7.192605, 41.96961], [-7.199943, 41.963719], [-7.202114, 41.94974], [-7.195654, 41.917365], [-7.197928, 41.9015], [-7.209316, 41.889161], [-7.21865, 41.879047], [-7.251465, 41.863699], [-7.322468, 41.845406], [-7.340503, 41.843209], [-7.376832, 41.844036], [-7.391921, 41.842047], [-7.405409, 41.835199], [-7.429542, 41.814503], [-7.442719, 41.805951], [-7.446957, 41.821841], [-7.456569, 41.83923], [-7.469384, 41.852537], [-7.483285, 41.856206], [-7.493, 41.856904], [-7.508142, 41.864939], [-7.515841, 41.864991], [-7.523283, 41.860159], [-7.525247, 41.854165], [-7.526332, 41.847369], [-7.531551, 41.84016], [-7.546692, 41.832047], [-7.567104, 41.826595], [-7.588395, 41.824218], [-7.606068, 41.825536], [-7.622192, 41.832331], [-7.622812, 41.841737], [-7.60736, 41.873182], [-7.661156, 41.874913], [-7.678674, 41.881347], [-7.706372, 41.896255], [-7.72203, 41.899252], [-7.750142, 41.888375], [-7.812154, 41.877135], [-7.839233, 41.878375], [-7.849723, 41.875765], [-7.854425, 41.870262], [-7.857888, 41.863777], [-7.864812, 41.857885], [-7.896593, 41.857937], [-7.903363, 41.886824], [-7.906102, 41.913851], [-7.925791, 41.908167], [-7.930493, 41.896669], [-7.935351, 41.879951], [-7.944756, 41.866955], [-7.963359, 41.866619], [-7.979431, 41.868608], [-7.993642, 41.863673], [-8.005889, 41.853958], [-8.015708, 41.841892], [-8.048574, 41.816389], [-8.050446, 41.815986], [-8.093481, 41.806726], [-8.179574, 41.810705], [-8.179265, 41.812613], [-8.175388, 41.836595], [-8.177041, 41.84985], [-8.184586, 41.85773], [-8.220398, 41.868195], [-8.231715, 41.886049], [-8.230216, 41.904678], [-8.220708, 41.922714], [-8.182132, 41.965424], [-8.15296, 41.986818], [-8.123918, 42.0009], [-8.108028, 42.010899], [-8.097356, 42.023483], [-8.095083, 42.040923], [-8.103196, 42.055806], [-8.11844, 42.066865], [-8.137612, 42.072911], [-8.158386, 42.071387], [-8.176163, 42.065263], [-8.191304, 42.062085], [-8.204016, 42.069552], [-8.207375, 42.085779], [-8.204327, 42.128799], [-8.213396, 42.144018], [-8.222362, 42.15363], [-8.252334, 42.137584], [-8.270679, 42.132003], [-8.287836, 42.131435], [-8.29538, 42.130091], [-8.304269, 42.125828], [-8.329952, 42.108439], [-8.346747, 42.101695], [-8.501208, 42.083091], [-8.520018, 42.077717], [-8.554434, 42.060069], [-8.572805, 42.054411], [-8.609418, 42.053662], [-8.626885, 42.051026], [-8.643886, 42.041492], [-8.652568, 42.031441], [-8.663213, 42.009892], [-8.67081, 41.999815], [-8.691274, 41.989609], [-8.717008, 41.983769], [-8.739591, 41.975113], [-8.750803, 41.96898], [-8.761952, 41.952582], [-8.777089, 41.937161], [-8.7954, 41.925686], [-8.815989, 41.92121], [-8.832834, 41.913967], [-8.848785, 41.899482], [-8.864654, 41.888902], [-8.881256, 41.893297], [-8.878733, 41.907131], [-8.89859, 42.101752], [-8.895497, 42.119086], [-8.884592, 42.126044], [-8.84496, 42.126614], [-8.826527, 42.13052], [-8.819081, 42.139716], [-8.82372, 42.14761], [-8.842763, 42.154446], [-8.846995, 42.160834], [-8.84203, 42.164293], [-8.815989, 42.174506], [-8.813466, 42.178697], [-8.811025, 42.188137], [-8.805776, 42.197496], [-8.795237, 42.201728], [-8.790639, 42.204535], [-8.771962, 42.222235], [-8.719553, 42.252346], [-8.706451, 42.256415], [-8.701894, 42.258531], [-8.669911, 42.280911], [-8.652008, 42.286322], [-8.631744, 42.29682], [-8.625152, 42.301947], [-8.621653, 42.310207], [-8.621653, 42.340806], [-8.622711, 42.34748], [-8.626454, 42.348334], [-8.634755, 42.346381], [-8.649892, 42.335598], [-8.660756, 42.316799], [-8.674794, 42.299018], [-8.699574, 42.291164], [-8.719838, 42.287584], [-8.773915, 42.268988], [-8.784983, 42.260077], [-8.795766, 42.258246], [-8.848297, 42.260972], [-8.867502, 42.256415], [-8.863637, 42.268988], [-8.853424, 42.291083], [-8.853261, 42.304836], [-8.846995, 42.304836], [-8.832997, 42.28913], [-8.827219, 42.296698], [-8.826527, 42.329047], [-8.828521, 42.337226], [-8.830719, 42.34162], [-8.82726, 42.344143], [-8.812856, 42.346381], [-8.776926, 42.340155], [-8.771962, 42.342719], [-8.764638, 42.355699], [-8.726877, 42.388739], [-8.709828, 42.400377], [-8.676869, 42.416449], [-8.662506, 42.426907], [-8.655263, 42.441352], [-8.664377, 42.437974], [-8.672515, 42.438422], [-8.682525, 42.441352], [-8.691274, 42.440619], [-8.694488, 42.439643], [-8.696767, 42.437974], [-8.718821, 42.427965], [-8.743642, 42.413235], [-8.757639, 42.407213], [-8.779368, 42.402899], [-8.811025, 42.400702], [-8.843577, 42.403713], [-8.867502, 42.4147], [-8.875722, 42.425971], [-8.880238, 42.445014], [-8.88801, 42.455634], [-8.90095, 42.461005], [-8.935455, 42.465399], [-8.942616, 42.469306], [-8.935048, 42.479071], [-8.916737, 42.487616], [-8.895985, 42.493883], [-8.881256, 42.496568], [-8.869008, 42.493394], [-8.860829, 42.485012], [-8.861155, 42.475572], [-8.874338, 42.469306], [-8.865549, 42.465033], [-8.851552, 42.460761], [-8.836985, 42.45893], [-8.826527, 42.461859], [-8.822499, 42.472357], [-8.825185, 42.484117], [-8.825063, 42.49494], [-8.812856, 42.502753], [-8.825185, 42.537421], [-8.826527, 42.554633], [-8.822987, 42.569525], [-8.813832, 42.581448], [-8.801584, 42.589301], [-8.788401, 42.59219], [-8.775502, 42.604722], [-8.738759, 42.666083], [-8.730946, 42.688422], [-8.737172, 42.688422], [-8.744049, 42.672431], [-8.753896, 42.656887], [-8.767323, 42.645168], [-8.784983, 42.64057], [-8.803822, 42.645941], [-8.815989, 42.658515], [-8.826243, 42.67414], [-8.839508, 42.68244], [-8.854604, 42.661566], [-8.857004, 42.649115], [-8.846995, 42.64057], [-8.868764, 42.617499], [-8.880523, 42.611802], [-8.894846, 42.620103], [-8.889475, 42.630601], [-8.903432, 42.625474], [-8.936391, 42.606431], [-8.922231, 42.593695], [-8.93399, 42.586819], [-8.969879, 42.579169], [-8.972768, 42.57392], [-8.980784, 42.551215], [-8.989166, 42.548896], [-8.99706, 42.543402], [-9.011545, 42.530707], [-9.026357, 42.543118], [-9.028554, 42.561469], [-9.033355, 42.578111], [-9.055816, 42.585395], [-9.070872, 42.596137], [-9.065745, 42.620307], [-9.051422, 42.645941], [-9.038808, 42.661078], [-9.039459, 42.673041], [-9.036285, 42.687934], [-9.030141, 42.707709], [-9.018788, 42.719753], [-9.014027, 42.726833], [-9.006256, 42.733832], [-8.994496, 42.737006], [-8.992014, 42.739081], [-8.963124, 42.751288], [-8.937367, 42.777777], [-8.922231, 42.788113], [-8.898264, 42.792304], [-8.891347, 42.799343], [-8.884918, 42.815009], [-8.887685, 42.831122], [-8.908437, 42.839464], [-8.912587, 42.816596], [-8.92809, 42.802517], [-8.951039, 42.795111], [-8.977366, 42.792304], [-9.028188, 42.797878], [-9.04894, 42.794745], [-9.045644, 42.778022], [-9.068674, 42.759711], [-9.081288, 42.754828], [-9.10025, 42.757514], [-9.113433, 42.766059], [-9.120107, 42.778998], [-9.125478, 42.794989], [-9.134999, 42.812771], [-9.122548, 42.812608], [-9.113189, 42.816352], [-9.106191, 42.82331], [-9.10025, 42.833279], [-9.108388, 42.844835], [-9.122222, 42.851752], [-9.141225, 42.857449], [-9.142323, 42.865302], [-9.147532, 42.878607], [-9.148671, 42.884467], [-9.146637, 42.888373], [-9.137522, 42.896064], [-9.134999, 42.902167], [-9.133697, 42.9112], [-9.134511, 42.917548], [-9.141428, 42.921413], [-9.158599, 42.922634], [-9.167877, 42.926825], [-9.183461, 42.945258], [-9.195872, 42.949327], [-9.195872, 42.943142], [-9.190012, 42.9324], [-9.19579, 42.926581], [-9.20519, 42.92475], [-9.210072, 42.925727], [-9.214345, 42.939032], [-9.224233, 42.940212], [-9.235585, 42.934882], [-9.244252, 42.928778], [-9.251698, 42.920233], [-9.261708, 42.900173], [-9.268422, 42.891303], [-9.273061, 42.893337], [-9.282948, 42.916612], [-9.291982, 42.922634], [-9.291982, 42.928778], [-9.28539, 42.938341], [-9.26476, 42.980333], [-9.263987, 42.986518], [-9.26183, 42.994493], [-9.258656, 43.002387], [-9.254791, 43.008002], [-9.250966, 43.016791], [-9.257314, 43.023261], [-9.272125, 43.031277], [-9.27953, 43.054999], [-9.271108, 43.060492], [-9.257924, 43.060899], [-9.251088, 43.06977], [-9.245717, 43.087999], [-9.233957, 43.096503], [-9.22232, 43.102729], [-9.2176, 43.114447], [-9.202952, 43.105048], [-9.189809, 43.102322], [-9.176829, 43.105577], [-9.162262, 43.114447], [-9.15689, 43.119737], [-9.154205, 43.124701], [-9.150299, 43.129584], [-9.141225, 43.134874], [-9.133127, 43.137966], [-9.125803, 43.139594], [-9.107737, 43.14114], [-9.107737, 43.148505], [-9.124664, 43.142524], [-9.147084, 43.138699], [-9.163319, 43.139757], [-9.162262, 43.148505], [-9.194203, 43.136542], [-9.208363, 43.137885], [-9.2176, 43.155341], [-9.170074, 43.188747], [-9.137929, 43.201524], [-9.100413, 43.189521], [-9.08316, 43.189765], [-9.065175, 43.192328], [-9.052398, 43.196357], [-9.039784, 43.204535], [-9.026967, 43.21015], [-9.016754, 43.223863], [-9.011545, 43.238756], [-9.004058, 43.238756], [-8.985748, 43.226874], [-8.958974, 43.227484], [-8.932525, 43.235297], [-8.915273, 43.245022], [-8.936391, 43.244086], [-8.94815, 43.249945], [-8.963124, 43.272284], [-8.967519, 43.271959], [-8.979807, 43.276923], [-8.988026, 43.283026], [-8.980784, 43.285956], [-8.970855, 43.286566], [-8.930491, 43.29975], [-8.88801, 43.320746], [-8.856597, 43.32689], [-8.84911, 43.334052], [-8.841176, 43.338935], [-8.829986, 43.341213], [-8.817006, 43.335842], [-8.785553, 43.312445], [-8.768544, 43.307074], [-8.750478, 43.304918], [-8.711741, 43.295559], [-8.693105, 43.293402], [-8.665395, 43.301174], [-8.630035, 43.315863], [-8.592519, 43.324205], [-8.55842, 43.313218], [-8.505971, 43.331529], [-8.497548, 43.337795], [-8.494252, 43.346625], [-8.486073, 43.354315], [-8.475982, 43.359687], [-8.455719, 43.363349], [-8.451405, 43.367377], [-8.448964, 43.371975], [-8.443023, 43.375312], [-8.388295, 43.385891], [-8.384674, 43.372707], [-8.375722, 43.362982], [-8.353586, 43.348619], [-8.34081, 43.359931], [-8.33727, 43.369045], [-8.339915, 43.392727], [-8.330719, 43.405666], [-8.310618, 43.403144], [-8.281565, 43.389594], [-8.267201, 43.385932], [-8.260813, 43.377021], [-8.257069, 43.365668], [-8.250559, 43.354885], [-8.227528, 43.338121], [-8.217275, 43.328315], [-8.210194, 43.313218], [-8.202463, 43.32925], [-8.202952, 43.344672], [-8.210194, 43.375312], [-8.209625, 43.390692], [-8.204823, 43.399726], [-8.193959, 43.406806], [-8.175404, 43.416327], [-8.195058, 43.423245], [-8.213287, 43.424954], [-8.247141, 43.423082], [-8.26476, 43.427314], [-8.288726, 43.446234], [-8.305165, 43.451077], [-8.286488, 43.461982], [-8.185618, 43.471503], [-8.178782, 43.473293], [-8.171457, 43.477973], [-8.166982, 43.484565], [-8.168568, 43.492011], [-8.173451, 43.492743], [-8.196523, 43.485175], [-8.257314, 43.477729], [-8.253651, 43.481269], [-8.250885, 43.482856], [-8.243723, 43.485175], [-8.247548, 43.487738], [-8.257314, 43.492011], [-8.269195, 43.478949], [-8.288971, 43.472968], [-8.333119, 43.471503], [-8.325347, 43.486762], [-8.321685, 43.50788], [-8.31664, 43.522895], [-8.305165, 43.519355], [-8.292104, 43.532945], [-8.30016, 43.538235], [-8.308217, 43.546332], [-8.313222, 43.556342], [-8.312652, 43.567125], [-8.308705, 43.567125], [-8.291331, 43.564846], [-8.284657, 43.567125], [-8.260976, 43.564521], [-8.232249, 43.575507], [-8.086659, 43.65648], [-8.082997, 43.645453], [-8.074615, 43.639635], [-8.063547, 43.638861], [-8.051869, 43.642808], [-8.062408, 43.64232], [-8.065541, 43.642808], [-8.065541, 43.649075], [-8.061269, 43.650946], [-8.056467, 43.654242], [-8.051869, 43.65648], [-8.071156, 43.667873], [-8.073964, 43.678534], [-8.069163, 43.689276], [-8.065541, 43.700873], [-8.059316, 43.709418], [-8.044504, 43.712104], [-8.010976, 43.711737], [-7.981191, 43.717841], [-7.952952, 43.730129], [-7.928131, 43.746772], [-7.908559, 43.766343], [-7.880849, 43.763251], [-7.869049, 43.748847], [-7.86148, 43.731187], [-7.846506, 43.717963], [-7.846506, 43.711737], [-7.852284, 43.714179], [-7.862294, 43.716254], [-7.867584, 43.717963], [-7.874623, 43.709418], [-7.879262, 43.700507], [-7.879791, 43.691962], [-7.873769, 43.684475], [-7.884104, 43.678616], [-7.887318, 43.679674], [-7.894887, 43.684475], [-7.901235, 43.679755], [-7.903879, 43.67829], [-7.908559, 43.676988], [-7.908559, 43.670152], [-7.858388, 43.668199], [-7.849233, 43.675605], [-7.867584, 43.697455], [-7.856028, 43.703437], [-7.843861, 43.703803], [-7.819163, 43.697455], [-7.821401, 43.700751], [-7.823964, 43.708075], [-7.826039, 43.711737], [-7.812001, 43.72309], [-7.793853, 43.734117], [-7.773793, 43.74258], [-7.734039, 43.750067], [-7.712758, 43.760688], [-7.695709, 43.774888], [-7.688832, 43.789984], [-7.685536, 43.793443], [-7.678334, 43.790473], [-7.671295, 43.782864], [-7.668324, 43.772528], [-7.672597, 43.766669], [-7.695627, 43.745917], [-7.696156, 43.731513], [-7.691558, 43.72724], [-7.68399, 43.728705], [-7.67516, 43.731635], [-7.673573, 43.734361], [-7.674143, 43.739203], [-7.672475, 43.743842], [-7.664622, 43.745917], [-7.65803, 43.746527], [-7.641021, 43.752672], [-7.637603, 43.739081], [-7.613026, 43.704291], [-7.615956, 43.688544], [-7.607167, 43.691107], [-7.594594, 43.703681], [-7.586415, 43.717963], [-7.57429, 43.714545], [-7.565419, 43.719794], [-7.555776, 43.727607], [-7.541412, 43.731635], [-7.502024, 43.728339], [-7.490142, 43.725328], [-7.407623, 43.69123], [-7.367055, 43.68008], [-7.304107, 43.598578], [-7.256744, 43.58161], [-7.260162, 43.577501], [-7.262278, 43.574286], [-7.265126, 43.571479], [-7.271067, 43.56863], [-7.271067, 43.561143], [-7.257721, 43.556667], [-7.249623, 43.559394], [-7.242014, 43.564805], [-7.230092, 43.56863], [-7.215443, 43.568671], [-7.194895, 43.563503], [-7.156972, 43.559272], [-7.095855, 43.560981], [-7.079335, 43.56863], [-7.061594, 43.561591], [-7.044301, 43.559394], [-7.032338, 43.553005], [-7.030873, 43.53323], [-7.03775, 43.522244], [-7.048411, 43.510443], [-7.053619, 43.496527], [-7.044586, 43.479193], [-7.043853, 43.479193], [-7.038319, 43.479193], [-7.032704, 43.495469], [-7.02953, 43.512152], [-7.023752, 43.525824], [-7.010365, 43.53323], [-7.001373, 43.556667], [-6.943959, 43.565985], [-6.845937, 43.56863], [-6.830719, 43.565131], [-6.770823, 43.56863], [-6.729644, 43.55976], [-6.703725, 43.557563], [-6.648671, 43.579047], [-6.597727, 43.575222], [-6.54662, 43.561835], [-6.510121, 43.547471], [-6.499664, 43.553087], [-6.488271, 43.555121], [-6.462961, 43.554958], [-6.464752, 43.559678], [-6.467275, 43.570868], [-6.469106, 43.575385], [-6.455312, 43.57335], [-6.431793, 43.563422], [-6.417633, 43.561143], [-6.366119, 43.56863], [-6.314605, 43.56863], [-6.300038, 43.570624], [-6.273915, 43.579617], [-6.249989, 43.584052], [-6.243886, 43.589301], [-6.236399, 43.594306], [-6.222768, 43.595893], [-6.190989, 43.578559], [-6.178049, 43.575385], [-6.100413, 43.5692], [-6.08495, 43.575385], [-6.069163, 43.569688], [-6.054189, 43.574571], [-6.039215, 43.583116], [-6.023508, 43.588446], [-5.907379, 43.588446], [-5.90217, 43.59752], [-5.908844, 43.604926], [-5.913075, 43.61286], [-5.900624, 43.623236], [-5.902577, 43.626492], [-5.905344, 43.633816], [-5.907379, 43.636827], [-5.875152, 43.636786], [-5.863515, 43.641425], [-5.859039, 43.653632], [-5.852203, 43.66295], [-5.836334, 43.662218], [-5.803822, 43.650499], [-5.782338, 43.63703], [-5.727406, 43.589545], [-5.708852, 43.56863], [-5.701975, 43.56863], [-5.696767, 43.582831], [-5.689198, 43.578559], [-5.67748, 43.561143], [-5.6256, 43.554958], [-5.424224, 43.561143], [-5.39387, 43.555243], [-5.390736, 43.541327], [-5.403554, 43.525417], [-5.420806, 43.513373], [-5.41393, 43.506537], [-5.403676, 43.511094], [-5.382639, 43.516384], [-5.372426, 43.520209], [-5.365102, 43.526719], [-5.362213, 43.533393], [-5.356801, 43.538601], [-5.341949, 43.540635], [-5.299875, 43.537665], [-5.284006, 43.533474], [-5.211903, 43.498358], [-5.177887, 43.489366], [-5.091664, 43.486274], [-5.067698, 43.481391], [-5.057037, 43.468614], [-5.045033, 43.474311], [-4.975168, 43.458767], [-4.967112, 43.460883], [-4.952545, 43.470079], [-4.941029, 43.471747], [-4.930247, 43.469509], [-4.907623, 43.460639], [-4.836537, 43.449774], [-4.754994, 43.421658], [-4.734934, 43.4171], [-4.512318, 43.402737], [-4.508168, 43.402452], [-4.481679, 43.383612], [-4.460805, 43.398708], [-4.432525, 43.402615], [-4.404897, 43.396999], [-4.385569, 43.383612], [-4.379262, 43.383612], [-4.368764, 43.396186], [-4.359364, 43.399685], [-4.312815, 43.395779], [-4.188588, 43.405382], [-4.160959, 43.421169], [-4.097727, 43.435614], [-4.073964, 43.438259], [-4.029205, 43.438259], [-4.023427, 43.440945], [-4.022572, 43.445746], [-4.020904, 43.450385], [-4.012766, 43.452501], [-4.005686, 43.450792], [-3.981435, 43.438259], [-3.976471, 43.442939], [-3.971995, 43.444159], [-3.967152, 43.4442], [-3.961008, 43.445095], [-3.965443, 43.446845], [-3.974599, 43.452501], [-3.974599, 43.458767], [-3.940053, 43.477118], [-3.922719, 43.482611], [-3.906321, 43.479193], [-3.893788, 43.48489], [-3.890859, 43.48371], [-3.885854, 43.479193], [-3.856801, 43.492377], [-3.826731, 43.497016], [-3.797027, 43.492743], [-3.769154, 43.479193], [-3.812652, 43.464871], [-3.830963, 43.456], [-3.844309, 43.445095], [-3.833852, 43.435899], [-3.829254, 43.433132], [-3.823842, 43.430772], [-3.82726, 43.43004], [-3.829986, 43.430121], [-3.831532, 43.429063], [-3.831288, 43.424587], [-3.820221, 43.424262], [-3.811187, 43.425482], [-3.796498, 43.430772], [-3.78954, 43.435858], [-3.776194, 43.449652], [-3.772288, 43.452501], [-3.763499, 43.450263], [-3.75414, 43.440497], [-3.744985, 43.438259], [-3.740712, 43.442328], [-3.743031, 43.451361], [-3.748891, 43.46072], [-3.755523, 43.465522], [-3.755523, 43.471747], [-3.741526, 43.470242], [-3.735748, 43.468817], [-3.728871, 43.465522], [-3.727162, 43.470526], [-3.725819, 43.470526], [-3.721425, 43.471747], [-3.728871, 43.479193], [-3.717926, 43.482733], [-3.688385, 43.484239], [-3.676991, 43.489447], [-3.667063, 43.496649], [-3.656077, 43.500678], [-3.579416, 43.518256], [-3.554351, 43.516913], [-3.556264, 43.499701], [-3.539052, 43.498969], [-3.525624, 43.491645], [-3.514719, 43.483222], [-3.50536, 43.479193], [-3.436635, 43.470486], [-3.431508, 43.466864], [-3.428293, 43.461737], [-3.427154, 43.455634], [-3.428619, 43.446845], [-3.432607, 43.445421], [-3.438873, 43.44656], [-3.447011, 43.445095], [-3.451161, 43.447699], [-3.460601, 43.452216], [-3.470041, 43.454169], [-3.474355, 43.448798], [-3.477773, 43.443061], [-3.485829, 43.437567], [-3.501698, 43.430772], [-3.481801, 43.428046], [-3.470448, 43.416775], [-3.46109, 43.412462], [-3.447011, 43.430772], [-3.436187, 43.419013], [-3.422231, 43.418077], [-3.392486, 43.424587], [-3.378041, 43.422553], [-3.330312, 43.410346], [-3.268951, 43.40412], [-3.223541, 43.391628], [-3.21052, 43.389838], [-3.200022, 43.385525], [-3.17691, 43.366238], [-3.150868, 43.360216], [-3.1315, 43.35578], [-3.112375, 43.354071], [-3.089508, 43.366889], [-3.057851, 43.352362], [-3.008168, 43.320909], [-3.008168, 43.328437], [-3.020009, 43.352566], [-3.023427, 43.364936], [-3.029286, 43.372138], [-3.029286, 43.376166], [-3.024322, 43.380927], [-3.010976, 43.384141], [-2.99942, 43.394355], [-2.955922, 43.413845], [-2.939931, 43.4171], [-2.939931, 43.424587], [-2.946685, 43.424587], [-2.946685, 43.430772], [-2.930084, 43.437934], [-2.905263, 43.439887], [-2.854237, 43.438259], [-2.806996, 43.441677], [-2.785959, 43.447862], [-2.768625, 43.452501], [-2.755849, 43.450263], [-2.734934, 43.438788], [-2.715199, 43.424506], [-2.706532, 43.413682], [-2.694936, 43.388617], [-2.691029, 43.36754], [-2.687001, 43.371446], [-2.67927, 43.389838], [-2.678456, 43.394639], [-2.678782, 43.40058], [-2.677805, 43.406195], [-2.672963, 43.410346], [-2.661204, 43.411933], [-2.649322, 43.409532], [-2.638092, 43.405951], [-2.606923, 43.401882], [-2.548899, 43.383612], [-2.506012, 43.377143], [-2.48351, 43.370632], [-2.464426, 43.349229], [-2.367421, 43.315701], [-2.327056, 43.30683], [-2.284657, 43.303494], [-2.241119, 43.307237], [-2.207875, 43.313992], [-2.196278, 43.314765], [-2.190419, 43.311591], [-2.183461, 43.304511], [-2.174469, 43.297431], [-2.162221, 43.294257], [-2.159576, 43.295356], [-2.156321, 43.297675], [-2.151519, 43.299994], [-2.144846, 43.301093], [-2.140045, 43.298896], [-2.137807, 43.294216], [-2.134836, 43.289578], [-2.127797, 43.287421], [-2.098866, 43.304145], [-2.086415, 43.307237], [-2.065541, 43.309597], [-1.994618, 43.328437], [-1.971791, 43.339219], [-1.960357, 43.343085], [-1.945627, 43.342637], [-1.933705, 43.335639], [-1.926584, 43.325873], [-1.918691, 43.32099], [-1.904652, 43.328437], [-1.910227, 43.331366], [-1.918853, 43.338568], [-1.925689, 43.342637], [-1.884918, 43.356024], [-1.847401, 43.380927], [-1.811269, 43.395087], [-1.794075, 43.386015]]], [[[1.983372, 42.441261], [1.960634, 42.443715], [1.947509, 42.451234], [1.945648, 42.463817], [1.956604, 42.481775], [1.967972, 42.485702], [1.978308, 42.47498], [1.988436, 42.458185], [1.999495, 42.443896], [1.996084, 42.442837], [1.986163, 42.441261], [1.983372, 42.441261]]], [[[-0.732737, 37.747748], [-0.741851, 37.725531], [-0.740142, 37.70246], [-0.726471, 37.665188], [-0.746897, 37.683783], [-0.75121, 37.713284], [-0.750315, 37.746039], [-0.754506, 37.7744], [-0.74942, 37.774888], [-0.748199, 37.773179], [-0.748199, 37.770494], [-0.746978, 37.768215], [-0.743642, 37.763983], [-0.737538, 37.753648], [-0.732737, 37.747748]]], [[[1.526383, 38.677768], [1.565684, 38.691486], [1.582367, 38.674913], [1.581391, 38.653062], [1.557486, 38.648839], [1.523448, 38.6494], [1.474223, 38.674597], [1.458086, 38.681341], [1.438731, 38.670274], [1.429047, 38.664944], [1.412792, 38.646446], [1.396977, 38.638646], [1.38295, 38.642061], [1.387551, 38.662378], [1.38346, 38.67], [1.383474, 38.680406], [1.388682, 38.68712], [1.393321, 38.696275], [1.393728, 38.70421], [1.386485, 38.707668], [1.382823, 38.711575], [1.388612, 38.719115], [1.401002, 38.730326], [1.408029, 38.724486], [1.418142, 38.727891], [1.427908, 38.739366], [1.431326, 38.754869], [1.435395, 38.755357], [1.436534, 38.754014], [1.436534, 38.751614], [1.437511, 38.749254], [1.486095, 38.694566], [1.526383, 38.677768]]], [[[1.605968, 39.091295], [1.600841, 39.082384], [1.606944, 39.062364], [1.623057, 39.029202], [1.606456, 39.028388], [1.593272, 39.02025], [1.584646, 39.007432], [1.581391, 38.991929], [1.576182, 38.985826], [1.541189, 38.96776], [1.509776, 38.930162], [1.497244, 38.921861], [1.469493, 38.910264], [1.458669, 38.900133], [1.454926, 38.904039], [1.448416, 38.9088], [1.444998, 38.913153], [1.428559, 38.896593], [1.414728, 38.890622], [1.404145, 38.856757], [1.403105, 38.832278], [1.37065, 38.831809], [1.36085, 38.851915], [1.343516, 38.862372], [1.328868, 38.857896], [1.322032, 38.857896], [1.318614, 38.859117], [1.317719, 38.859849], [1.307791, 38.857896], [1.300304, 38.870469], [1.283458, 38.87462], [1.266612, 38.870347], [1.259939, 38.857896], [1.228201, 38.87462], [1.216645, 38.885077], [1.212169, 38.903225], [1.224294, 38.927354], [1.22755, 38.942003], [1.218435, 38.954088], [1.226736, 38.960191], [1.236827, 38.965155], [1.24822, 38.966376], [1.259939, 38.960924], [1.267263, 38.966051], [1.276866, 38.968004], [1.300955, 38.96776], [1.292247, 39.009874], [1.292817, 39.033271], [1.304454, 39.043443], [1.317556, 39.047593], [1.33253, 39.057237], [1.356781, 39.077623], [1.363048, 39.077623], [1.372244, 39.071397], [1.391938, 39.083319], [1.403331, 39.077623], [1.423188, 39.090562], [1.450694, 39.101793], [1.478689, 39.107733], [1.499522, 39.104885], [1.508637, 39.114366], [1.522716, 39.118883], [1.53712, 39.118028], [1.553559, 39.107652], [1.560395, 39.105821], [1.57838, 39.104885], [1.589692, 39.102769], [1.597911, 39.098131], [1.605968, 39.091295]]], [[[3.354503, 39.784369], [3.383149, 39.77794], [3.439789, 39.75198], [3.474376, 39.749701], [3.468516, 39.739325], [3.469412, 39.731065], [3.472667, 39.723578], [3.474376, 39.715522], [3.470551, 39.710313], [3.464366, 39.706407], [3.461436, 39.700059], [3.46754, 39.687567], [3.453868, 39.659695], [3.443207, 39.645779], [3.429942, 39.639838], [3.413097, 39.635077], [3.401866, 39.623236], [3.398692, 39.607733], [3.406016, 39.591986], [3.365408, 39.563056], [3.323253, 39.523871], [3.291759, 39.475775], [3.282481, 39.420111], [3.272716, 39.42475], [3.268809, 39.427558], [3.252615, 39.386176], [3.221039, 39.35989], [3.129405, 39.315741], [3.090994, 39.290066], [3.083263, 39.280097], [3.079112, 39.276882], [3.069998, 39.271755], [3.060802, 39.26907], [3.056651, 39.272976], [3.029307, 39.304633], [3.02296, 39.308173], [3.007335, 39.313747], [3.001313, 39.317694], [2.996755, 39.326972], [2.99464, 39.337958], [2.991384, 39.347276], [2.984223, 39.351142], [2.974457, 39.353461], [2.958832, 39.363227], [2.950043, 39.365505], [2.938162, 39.364366], [2.922374, 39.359727], [2.912608, 39.358669], [2.82545, 39.363593], [2.786632, 39.375922], [2.761729, 39.400214], [2.751231, 39.454779], [2.736583, 39.462104], [2.739513, 39.478298], [2.754893, 39.502631], [2.7435, 39.523383], [2.715099, 39.543524], [2.681651, 39.558661], [2.655284, 39.564724], [2.633474, 39.559272], [2.569102, 39.531521], [2.555675, 39.520046], [2.544932, 39.492987], [2.520193, 39.472846], [2.492686, 39.470242], [2.473806, 39.495795], [2.47169, 39.497911], [2.469005, 39.505886], [2.472179, 39.512152], [2.480642, 39.516221], [2.453949, 39.537421], [2.445811, 39.528876], [2.438162, 39.525214], [2.431163, 39.527696], [2.425955, 39.537421], [2.398285, 39.52497], [2.391856, 39.523749], [2.382091, 39.529242], [2.373709, 39.547187], [2.355642, 39.558661], [2.350759, 39.576483], [2.351736, 39.596747], [2.357677, 39.611884], [2.429373, 39.646674], [2.45045, 39.650336], [2.468272, 39.659369], [2.517589, 39.700141], [2.5324, 39.706366], [2.552419, 39.708686], [2.569672, 39.71308], [2.586599, 39.723822], [2.617686, 39.749701], [2.621918, 39.754462], [2.62908, 39.766872], [2.631358, 39.770128], [2.635997, 39.771023], [2.647472, 39.769232], [2.651866, 39.770128], [2.676036, 39.789089], [2.67921, 39.794013], [2.683604, 39.79621], [2.703949, 39.814154], [2.710623, 39.818549], [2.717947, 39.820136], [2.747406, 39.83161], [2.761729, 39.840522], [2.773204, 39.849636], [2.784841, 39.856716], [2.799653, 39.859565], [2.803233, 39.861599], [2.809581, 39.870551], [2.813243, 39.872585], [2.834158, 39.871161], [2.843598, 39.872585], [2.873057, 39.88349], [2.933279, 39.914496], [2.964122, 39.920966], [3.020274, 39.925157], [3.075694, 39.936103], [3.179454, 39.968777], [3.193126, 39.955105], [3.198416, 39.959296], [3.201345, 39.960517], [3.214203, 39.955105], [3.203624, 39.949164], [3.168468, 39.936387], [3.15561, 39.934027], [3.14088, 39.928087], [3.127452, 39.916693], [3.115489, 39.908759], [3.10434, 39.91352], [3.096934, 39.91352], [3.094737, 39.881212], [3.130219, 39.87641], [3.206798, 39.893012], [3.206798, 39.886827], [3.196788, 39.881212], [3.195567, 39.874538], [3.196462, 39.867133], [3.193126, 39.859565], [3.187185, 39.854356], [3.181488, 39.851386], [3.165212, 39.845893], [3.133556, 39.839545], [3.126313, 39.831855], [3.124848, 39.811103], [3.136485, 39.788764], [3.162608, 39.76911], [3.194835, 39.754991], [3.223888, 39.749701], [3.292491, 39.749701], [3.309906, 39.755072], [3.340343, 39.778998], [3.354503, 39.784369]]], [[[4.302908, 39.925523], [4.307302, 39.910549], [4.328787, 39.88345], [4.337087, 39.867174], [4.330333, 39.867174], [4.326264, 39.87344], [4.319753, 39.879218], [4.311778, 39.884182], [4.302908, 39.8876], [4.300059, 39.821763], [4.248139, 39.816474], [4.177175, 39.843329], [4.015066, 39.925767], [3.981375, 39.936062], [3.941335, 39.936754], [3.869314, 39.925523], [3.830658, 39.936062], [3.83489, 39.947984], [3.835704, 39.962429], [3.839122, 39.975572], [3.850515, 39.983873], [3.842377, 39.989407], [3.822032, 39.995144], [3.812918, 40.001207], [3.803396, 40.01317], [3.803152, 40.018134], [3.807058, 40.023261], [3.8095, 40.035386], [3.821869, 40.047634], [3.891531, 40.059556], [3.915457, 40.051988], [4.011892, 40.059556], [4.052013, 40.058173], [4.063406, 40.059556], [4.077566, 40.064276], [4.09433, 40.074734], [4.105072, 40.079413], [4.107839, 40.067613], [4.116791, 40.059638], [4.139089, 40.045925], [4.136974, 40.043036], [4.134858, 40.035712], [4.135427, 40.028225], [4.142263, 40.024807], [4.148529, 40.027818], [4.155935, 40.034654], [4.165782, 40.045925], [4.163829, 40.060574], [4.170502, 40.064602], [4.176524, 40.059231], [4.172618, 40.045925], [4.17864, 40.038845], [4.206716, 40.024807], [4.212494, 40.017239], [4.216889, 40.0126], [4.227224, 40.00491], [4.232677, 40.002712], [4.247488, 40.000393], [4.254568, 39.997463], [4.264903, 39.986396], [4.273367, 39.969957], [4.27239, 39.955349], [4.254568, 39.949693], [4.270112, 39.943752], [4.285899, 39.944607], [4.298025, 39.941962], [4.302908, 39.925523]]], [[[2.985367, 39.166176], [2.982308, 39.139184], [2.962154, 39.116062], [2.930867, 39.118176], [2.913614, 39.151963], [2.940424, 39.17193], [2.980582, 39.18556], [2.985367, 39.166176]]], [[[-4.300045, 35.172724], [-4.298701, 35.172612], [-4.2969, 35.172249], [-4.29773, 35.171537], [-4.299392, 35.171656], [-4.300935, 35.172071], [-4.301885, 35.172664], [-4.301054, 35.172902], [-4.300045, 35.172724]]], [[[-3.902962, 35.21531], [-3.902329, 35.215905], [-3.901957, 35.215464], [-3.902533, 35.214787], [-3.903132, 35.215039], [-3.902962, 35.21531]]], [[[-3.900732, 35.217827], [-3.899953, 35.217861], [-3.899818, 35.217285], [-3.900495, 35.217353], [-3.901003, 35.217217], [-3.901308, 35.217319], [-3.901274, 35.217624], [-3.900732, 35.217827]]], [[[-2.434243, 35.18523], [-2.429394, 35.186038], [-2.426502, 35.182114], [-2.431414, 35.178766], [-2.435859, 35.18119], [-2.434243, 35.18523]]], [[[-5.418774, 35.915597], [-5.41597, 35.913531], [-5.417888, 35.910874], [-5.42025, 35.911612], [-5.42084, 35.914269], [-5.418774, 35.915597]]]]}}, {"type": "Feature", "properties": {"country": "italy"}, "geometry": {"type": "MultiPolygon", "coordinates": [[[[7.022083, 45.92526], [7.066938, 45.890223], [7.090192, 45.880508], [7.120888, 45.876116], [7.153547, 45.876529], [7.183726, 45.880456], [7.245428, 45.89813], [7.27354, 45.910274], [7.286666, 45.913426], [7.361803, 45.907845], [7.393843, 45.9157], [7.452961, 45.945879], [7.482726, 45.954871], [7.503707, 45.956731], [7.514662, 45.966704], [7.524377, 45.978073], [7.541121, 45.984119], [7.643027, 45.966343], [7.658736, 45.960038], [7.673722, 45.950323], [7.692533, 45.931203], [7.69398, 45.928671], [7.706279, 45.925725], [7.71465, 45.92712], [7.722195, 45.929601], [7.732013, 45.930376], [7.780072, 45.918129], [7.807564, 45.91849], [7.825444, 45.914666], [7.831232, 45.91446], [7.843738, 45.919214], [7.846115, 45.922573], [7.845288, 45.927792], [7.848389, 45.938076], [7.84962, 45.939712], [7.870201, 45.94037], [7.872917, 45.959383], [7.883782, 45.973869], [7.898205, 45.981949], [7.969105, 45.993111], [7.978717, 45.995178], [7.985848, 45.999312], [7.998354, 46.010629], [7.999077, 46.0128], [8.008792, 46.027683], [8.010653, 46.029698], [8.015924, 46.058172], [8.016027, 46.069385], [8.018197, 46.080858], [8.025329, 46.091141], [8.035354, 46.096516], [8.056025, 46.098066], [8.066877, 46.100598], [8.110595, 46.126953], [8.132299, 46.159354], [8.129509, 46.196044], [8.09995, 46.235629], [8.076592, 46.249736], [8.073078, 46.253612], [8.077315, 46.262035], [8.087341, 46.271802], [8.106874, 46.285548], [8.128475, 46.292473], [8.171883, 46.299191], [8.192554, 46.309164], [8.24175, 46.354123], [8.270068, 46.364044], [8.281541, 46.370116], [8.291462, 46.378359], [8.297457, 46.387506], [8.297043, 46.397634], [8.290429, 46.401122], [8.286605, 46.40536], [8.294976, 46.418046], [8.316267, 46.433653], [8.343449, 46.443885], [8.385907, 46.450206], [8.399156, 46.452179], [8.427888, 46.44869], [8.441634, 46.434945], [8.445768, 46.412362], [8.446285, 46.382183], [8.442874, 46.353373], [8.426648, 46.301568], [8.423237, 46.275833], [8.427165, 46.251442], [8.43812, 46.23537], [8.456517, 46.224828], [8.482665, 46.217542], [8.51026, 46.207878], [8.538682, 46.187621], [8.601831, 46.122819], [8.611546, 46.119357], [8.630873, 46.114706], [8.677485, 46.095792], [8.695055, 46.095172], [8.702187, 46.097963], [8.71769, 46.107523], [8.723891, 46.109538], [8.728983, 46.108233], [8.732159, 46.107419], [8.739497, 46.098066], [8.747145, 46.094449], [8.763165, 46.092898], [8.793861, 46.093415], [8.80895, 46.089746], [8.834375, 46.066388], [8.819596, 46.042927], [8.790967, 46.018691], [8.773397, 45.990579], [8.769573, 45.985773], [8.767919, 45.983086], [8.785076, 45.982311], [8.800372, 45.978538], [8.857733, 45.957093], [8.864451, 45.953424], [8.870962, 45.947067], [8.88078, 45.931099], [8.898144, 45.90955], [8.906515, 45.896476], [8.912096, 45.883402], [8.91375, 45.86609], [8.909719, 45.853688], [8.903725, 45.841802], [8.900004, 45.826403], [8.939588, 45.834826], [8.972351, 45.824646], [9.002427, 45.820718], [9.034363, 45.848107], [9.059271, 45.881955], [9.063095, 45.898957], [9.051726, 45.915545], [9.042321, 45.919731], [9.020514, 45.922779], [9.010798, 45.926655], [9.001703, 45.93606], [8.993435, 45.95425], [8.982686, 45.961847], [8.980516, 45.964379], [8.979793, 45.966911], [8.980516, 45.969495], [8.982686, 45.971975], [9.015553, 45.993111], [8.997776, 46.027941], [9.002117, 46.03931], [9.027748, 46.053107], [9.049659, 46.057913], [9.059168, 46.061789], [9.067126, 46.071142], [9.07033, 46.083441], [9.068159, 46.105972], [9.072087, 46.118892], [9.090587, 46.138167], [9.163244, 46.172273], [9.163788, 46.172989], [9.171099, 46.182609], [9.17575, 46.194132], [9.181331, 46.204054], [9.192183, 46.209635], [9.204172, 46.213563], [9.215747, 46.221056], [9.224842, 46.231184], [9.239725, 46.266996], [9.268974, 46.309371], [9.275175, 46.331385], [9.273831, 46.344252], [9.260396, 46.379728], [9.260292, 46.394017], [9.262876, 46.406626], [9.260912, 46.416651], [9.24758, 46.423033], [9.237968, 46.436547], [9.245823, 46.461041], [9.263186, 46.485122], [9.282306, 46.49737], [9.330986, 46.501504], [9.350829, 46.497861], [9.351553, 46.485484], [9.377081, 46.468689], [9.384626, 46.466416], [9.395478, 46.469413], [9.400335, 46.475407], [9.403849, 46.482513], [9.410671, 46.488895], [9.426794, 46.497111], [9.434648, 46.498326], [9.437852, 46.492047], [9.443847, 46.396136], [9.4424, 46.380891], [9.444364, 46.375284], [9.451598, 46.370375], [9.473716, 46.361874], [9.482604, 46.35681], [9.502551, 46.32074], [9.515264, 46.308596], [9.536451, 46.298622], [9.559705, 46.292731], [9.674324, 46.291801], [9.693134, 46.297072], [9.70843, 46.311748], [9.708844, 46.319629], [9.707293, 46.330972], [9.709257, 46.342392], [9.720109, 46.350893], [9.730858, 46.350712], [9.755249, 46.340532], [9.768065, 46.33862], [9.788839, 46.343296], [9.855398, 46.366964], [9.899013, 46.372158], [9.918443, 46.37115], [9.93901, 46.367455], [9.964022, 46.356086], [9.970636, 46.339808], [9.97105, 46.320016], [9.977561, 46.298105], [9.992237, 46.284359], [10.031718, 46.260072], [10.041847, 46.24307], [10.042673, 46.220487], [10.075746, 46.220022], [10.117914, 46.231133], [10.14582, 46.243328], [10.158945, 46.262449], [10.14613, 46.280277], [10.104892, 46.309371], [10.095797, 46.320533], [10.091766, 46.328956], [10.092386, 46.338103], [10.09745, 46.351642], [10.104995, 46.361357], [10.125976, 46.37438], [10.13321, 46.381098], [10.140755, 46.402905], [10.133417, 46.414016], [10.116157, 46.418822], [10.071405, 46.424816], [10.042053, 46.432722], [10.026344, 46.446262], [10.044017, 46.466984], [10.035335, 46.471066], [10.030478, 46.476673], [10.028101, 46.483934], [10.02686, 46.493184], [10.031201, 46.503829], [10.031408, 46.525792], [10.032752, 46.532975], [10.04133, 46.541863], [10.062931, 46.556746], [10.071199, 46.564394], [10.083498, 46.597002], [10.087839, 46.604392], [10.09745, 46.608035], [10.192122, 46.626819], [10.217856, 46.626974], [10.233773, 46.617982], [10.235737, 46.606691], [10.230259, 46.58615], [10.234703, 46.575298], [10.275941, 46.565531], [10.283796, 46.560725], [10.289067, 46.555687], [10.295371, 46.551087], [10.306637, 46.547496], [10.319452, 46.546049], [10.354282, 46.548323], [10.425906, 46.535326], [10.443993, 46.537729], [10.451833, 46.546702], [10.457945, 46.553697], [10.465903, 46.578476], [10.466627, 46.604288], [10.459082, 46.623564], [10.438205, 46.635656], [10.395623, 46.638808], [10.377537, 46.653277], [10.369165, 46.672398], [10.373919, 46.681906], [10.384771, 46.689012], [10.394383, 46.70082], [10.396554, 46.715005], [10.395623, 46.7264], [10.399654, 46.735546], [10.416604, 46.743014], [10.428696, 46.755648], [10.426216, 46.76942], [10.419085, 46.783967], [10.417224, 46.79885], [10.439032, 46.816885], [10.444923, 46.823241], [10.44854, 46.832233], [10.453811, 46.864427], [10.486264, 46.846366], [10.527708, 46.843214], [10.629408, 46.862412], [10.647081, 46.863756], [10.662481, 46.860965], [10.738962, 46.829546], [10.748677, 46.819443], [10.743819, 46.812518], [10.721598, 46.800142], [10.716947, 46.795207], [10.722942, 46.786448], [10.733691, 46.786189], [10.754775, 46.790763], [10.76635, 46.788101], [10.795082, 46.776888], [10.804901, 46.776629], [10.823918, 46.78035], [10.83415, 46.780246], [10.843141, 46.777043], [10.860195, 46.766991], [10.870426, 46.764072], [10.880348, 46.764589], [10.913731, 46.77234], [10.930888, 46.773994], [10.965718, 46.771642], [10.982668, 46.767741], [10.99693, 46.76911], [11.010883, 46.779213], [11.033311, 46.805568], [11.037445, 46.808255], [11.048503, 46.811692], [11.052844, 46.814921], [11.054601, 46.819934], [11.053464, 46.830321], [11.054291, 46.834145], [11.073101, 46.86497], [11.083643, 46.900136], [11.091912, 46.912435], [11.156611, 46.956515], [11.174491, 46.963853], [11.243737, 46.979252], [11.31381, 46.987262], [11.349467, 46.98194], [11.380576, 46.971553], [11.411169, 46.970493], [11.445172, 46.992998], [11.445275, 46.993102], [11.452923, 47.000879], [11.461812, 47.005504], [11.471837, 47.00708], [11.489407, 47.004212], [11.495918, 47.001602], [11.501706, 46.997856], [11.506977, 46.992998], [11.515348, 46.989484], [11.524443, 46.988347], [11.533849, 46.989536], [11.543254, 46.992998], [11.543357, 46.992998], [11.543564, 46.993102], [11.543667, 46.993102], [11.572709, 46.998915], [11.59648, 47.00044], [11.64795, 46.993257], [11.648467, 46.993257], [11.649707, 46.992998], [11.657252, 46.992533], [11.664797, 46.993257], [11.683814, 46.991913], [11.716163, 46.97548], [11.73487, 46.970622], [11.746445, 46.972457], [11.766082, 46.983438], [11.777141, 46.988296], [11.822513, 46.993257], [11.857033, 47.012015], [11.899511, 47.027725], [11.943643, 47.038164], [12.014956, 47.040489], [12.116242, 47.076559], [12.133146, 47.078832], [12.180631, 47.085215], [12.204195, 47.079686], [12.203897, 47.067012], [12.203575, 47.053331], [12.182284, 47.033616], [12.12172, 47.010517], [12.111178, 46.992998], [12.117792, 46.983076], [12.122133, 46.971656], [12.128231, 46.948582], [12.134742, 46.937446], [12.141667, 46.927989], [12.141563, 46.918843], [12.126887, 46.908869], [12.137429, 46.905924], [12.160994, 46.90303], [12.172156, 46.89918], [12.183525, 46.891222], [12.189002, 46.884943], [12.1951, 46.880085], [12.208743, 46.876623], [12.250807, 46.875615], [12.26662, 46.868148], [12.275819, 46.846289], [12.276129, 46.83399], [12.273338, 46.826755], [12.269618, 46.819831], [12.26693, 46.808255], [12.266724, 46.795336], [12.269101, 46.788566], [12.274785, 46.784639], [12.284397, 46.779988], [12.305274, 46.774459], [12.326048, 46.772495], [12.342688, 46.765131], [12.351473, 46.743246], [12.370387, 46.711155], [12.40501, 46.690123], [12.445627, 46.678702], [12.469632, 46.675799], [12.499888, 46.672139], [12.53079, 46.65767], [12.547327, 46.652192], [12.562003, 46.65121], [12.62019, 46.656481], [12.669593, 46.653019], [12.671368, 46.652466], [12.679205, 46.650022], [12.697395, 46.640539], [12.706593, 46.637749], [12.715999, 46.637955], [12.732018, 46.64227], [12.739873, 46.642994], [12.7485, 46.640996], [12.773566, 46.635191], [12.83041, 46.609637], [13.064504, 46.598035], [13.146463, 46.584961], [13.210025, 46.558012], [13.231109, 46.552173], [13.271417, 46.550777], [13.373323, 46.565789], [13.417041, 46.560492], [13.478019, 46.563567], [13.484944, 46.561733], [13.499103, 46.550622], [13.506751, 46.546927], [13.549229, 46.545842], [13.670256, 46.518712], [13.685345, 46.517627], [13.700951, 46.519746], [13.701055, 46.511891], [13.699194, 46.504837], [13.695474, 46.498636], [13.689893, 46.493339], [13.688446, 46.467759], [13.685853, 46.464047], [13.67749, 46.452075], [13.658783, 46.445125], [13.634082, 46.445719], [13.600182, 46.442644], [13.575688, 46.426676], [13.554397, 46.405954], [13.530006, 46.388332], [13.483704, 46.37115], [13.459726, 46.359032], [13.447323, 46.354846], [13.434094, 46.353864], [13.423242, 46.344847], [13.409806, 46.323608], [13.395638, 46.306728], [13.391306, 46.301568], [13.365261, 46.290302], [13.373013, 46.280277], [13.378594, 46.268391], [13.384692, 46.243328], [13.384795, 46.243225], [13.384898, 46.243122], [13.398127, 46.230513], [13.401641, 46.216663], [13.410116, 46.207982], [13.437402, 46.210927], [13.422829, 46.228601], [13.438332, 46.22488], [13.468304, 46.223433], [13.482257, 46.217904], [13.510162, 46.213976], [13.528972, 46.204829], [13.559048, 46.184107], [13.584473, 46.181317], [13.613928, 46.183539], [13.627366, 46.181733], [13.637389, 46.180386], [13.641071, 46.171405], [13.645037, 46.161731], [13.616409, 46.125041], [13.522585, 46.075298], [13.505098, 46.066027], [13.482257, 46.044839], [13.490318, 46.038948], [13.492799, 46.032489], [13.490008, 46.025564], [13.482257, 46.018433], [13.477089, 46.016055], [13.461793, 46.006392], [13.474815, 45.995747], [13.479466, 45.993111], [13.480396, 45.992284], [13.481223, 45.991354], [13.481843, 45.990372], [13.482257, 45.989235], [13.509439, 45.967428], [13.539411, 45.96903], [13.571657, 45.97983], [13.600735, 45.984574], [13.605867, 45.985411], [13.622817, 45.966394], [13.615325, 45.945912], [13.608244, 45.926552], [13.599306, 45.912327], [13.56928, 45.86454], [13.565973, 45.83033], [13.574172, 45.819028], [13.581269, 45.809246], [13.609174, 45.798601], [13.643591, 45.795655], [13.660334, 45.792038], [13.699908, 45.770524], [13.709478, 45.765321], [13.778724, 45.743411], [13.858409, 45.649359], [13.869158, 45.641143], [13.884144, 45.635148], [13.893136, 45.634683], [13.893641, 45.633758], [13.894686, 45.631841], [13.887038, 45.618767], [13.867926, 45.602169], [13.847764, 45.584661], [13.800532, 45.58125], [13.761051, 45.596236], [13.711762, 45.593207], [13.718761, 45.600653], [13.730154, 45.613105], [13.757009, 45.613674], [13.786876, 45.611151], [13.808116, 45.614325], [13.795584, 45.617011], [13.786469, 45.624335], [13.77711, 45.635443], [13.739268, 45.649115], [13.75766, 45.654975], [13.753673, 45.672309], [13.739106, 45.691596], [13.726248, 45.703762], [13.647309, 45.76203], [13.628917, 45.77261], [13.574229, 45.789618], [13.55128, 45.792426], [13.534434, 45.78205], [13.524181, 45.760077], [13.528331, 45.740546], [13.554942, 45.737209], [13.518403, 45.72484], [13.513357, 45.720771], [13.507823, 45.714423], [13.480235, 45.710679], [13.469249, 45.706855], [13.451671, 45.693793], [13.427989, 45.681138], [13.401703, 45.675442], [13.37672, 45.683173], [13.390961, 45.685777], [13.40919, 45.691311], [13.424815, 45.698554], [13.431407, 45.706855], [13.422618, 45.724066], [13.381684, 45.730048], [13.369395, 45.744615], [13.351817, 45.740302], [13.254893, 45.756049], [13.24586, 45.758938], [13.221853, 45.776068], [13.215505, 45.778795], [13.204926, 45.777737], [13.169444, 45.768744], [13.157725, 45.754584], [13.149669, 45.751532], [13.139822, 45.754869], [13.131358, 45.768866], [13.119314, 45.771959], [13.11085, 45.767646], [13.108165, 45.758205], [13.111827, 45.748847], [13.122895, 45.744615], [13.122895, 45.737209], [13.100597, 45.736233], [13.080577, 45.727607], [13.069591, 45.71369], [13.075043, 45.696845], [13.091482, 45.689195], [13.111664, 45.691352], [13.149669, 45.703762], [13.138031, 45.689399], [13.103038, 45.669013], [13.095632, 45.65233], [13.095551, 45.652167], [13.084972, 45.641913], [13.060557, 45.636664], [12.9817, 45.634833], [12.943858, 45.628567], [12.780772, 45.553534], [12.611664, 45.496161], [12.512706, 45.470445], [12.495942, 45.460395], [12.487804, 45.456732], [12.451427, 45.450426], [12.423676, 45.438056], [12.41033, 45.436225], [12.418224, 45.451117], [12.42921, 45.464016], [12.435802, 45.474921], [12.430919, 45.484036], [12.440603, 45.482978], [12.447276, 45.48432], [12.45102, 45.489], [12.451427, 45.498236], [12.458181, 45.498236], [12.462901, 45.489732], [12.46697, 45.485582], [12.471934, 45.485907], [12.478689, 45.49079], [12.465017, 45.504462], [12.476329, 45.503567], [12.487153, 45.504096], [12.497325, 45.506741], [12.499197, 45.504462], [12.499848, 45.505845], [12.503184, 45.502875], [12.506196, 45.499091], [12.506602, 45.498236], [12.503184, 45.49787], [12.492931, 45.498236], [12.492931, 45.49079], [12.515147, 45.492743], [12.520518, 45.505032], [12.521495, 45.518988], [12.530447, 45.52558], [12.548106, 45.527004], [12.562511, 45.531643], [12.573578, 45.540025], [12.581716, 45.552883], [12.569672, 45.549384], [12.5442, 45.536566], [12.537283, 45.535834], [12.518321, 45.549954], [12.510509, 45.559068], [12.506602, 45.57331], [12.485199, 45.565009], [12.458507, 45.548326], [12.441905, 45.530341], [12.451427, 45.518134], [12.451427, 45.511908], [12.434906, 45.512356], [12.417735, 45.523586], [12.41033, 45.518134], [12.403575, 45.518134], [12.396739, 45.539252], [12.384125, 45.523017], [12.390391, 45.513983], [12.424001, 45.504462], [12.424001, 45.498236], [12.411632, 45.493313], [12.393403, 45.491645], [12.380544, 45.494778], [12.383067, 45.504462], [12.350434, 45.504869], [12.309581, 45.488918], [12.272716, 45.463609], [12.252696, 45.436225], [12.252696, 45.429999], [12.258962, 45.429999], [12.250011, 45.420722], [12.246104, 45.411322], [12.248546, 45.402533], [12.258962, 45.395209], [12.249197, 45.385484], [12.247406, 45.378241], [12.248057, 45.370998], [12.245291, 45.36107], [12.237804, 45.357733], [12.228282, 45.357489], [12.223806, 45.353949], [12.232188, 45.340562], [12.220876, 45.327053], [12.216319, 45.31623], [12.208751, 45.309068], [12.187511, 45.306464], [12.174327, 45.310533], [12.162934, 45.31623], [12.15447, 45.313463], [12.149099, 45.292182], [12.159841, 45.283108], [12.168793, 45.262152], [12.180675, 45.258043], [12.191661, 45.262885], [12.199392, 45.274604], [12.201915, 45.288316], [12.197439, 45.299628], [12.217296, 45.29385], [12.221446, 45.283271], [12.220551, 45.268785], [12.224864, 45.251166], [12.213878, 45.248114], [12.211111, 45.242987], [12.21518, 45.236802], [12.224864, 45.230699], [12.221365, 45.216254], [12.230479, 45.20425], [12.247325, 45.196926], [12.266368, 45.196601], [12.26352, 45.200344], [12.262543, 45.200751], [12.258962, 45.202826], [12.273692, 45.210842], [12.296072, 45.22663], [12.307302, 45.230699], [12.298025, 45.215399], [12.303966, 45.200751], [12.315115, 45.186469], [12.321056, 45.172349], [12.321951, 45.138739], [12.328461, 45.10102], [12.31837, 45.103461], [12.307302, 45.107856], [12.308442, 45.114447], [12.307302, 45.124172], [12.307302, 45.128363], [12.297374, 45.10635], [12.296723, 45.088568], [12.306651, 45.078559], [12.328461, 45.079901], [12.325206, 45.083686], [12.323578, 45.086737], [12.321056, 45.093573], [12.340831, 45.081448], [12.353038, 45.066962], [12.363292, 45.052191], [12.376231, 45.038967], [12.376231, 45.032172], [12.368337, 45.031155], [12.364106, 45.029364], [12.36085, 45.027086], [12.355154, 45.024644], [12.368826, 45.010972], [12.383556, 45.026435], [12.386567, 45.038764], [12.380626, 45.05093], [12.368826, 45.065619], [12.383311, 45.056342], [12.401378, 45.049872], [12.413422, 45.042873], [12.41033, 45.032172], [12.42628, 45.020006], [12.434093, 45.01553], [12.444591, 45.010972], [12.464692, 44.992011], [12.486176, 44.976508], [12.499197, 44.98371], [12.49586, 44.983954], [12.489106, 44.983303], [12.486095, 44.98371], [12.486095, 44.991156], [12.502615, 44.991441], [12.516775, 44.987616], [12.527599, 44.98017], [12.533865, 44.970038], [12.53297, 44.960842], [12.523123, 44.950019], [12.527029, 44.943345], [12.518809, 44.933783], [12.515391, 44.928371], [12.512706, 44.922309], [12.506602, 44.922309], [12.499034, 44.921454], [12.494884, 44.910468], [12.492931, 44.87816], [12.487315, 44.86225], [12.474132, 44.845771], [12.444591, 44.820502], [12.443126, 44.825019], [12.438731, 44.834906], [12.43214, 44.846015], [12.424001, 44.854641], [12.43922, 44.87759], [12.443044, 44.890082], [12.438324, 44.901109], [12.426931, 44.904975], [12.415538, 44.899848], [12.406912, 44.891303], [12.403575, 44.884711], [12.3921, 44.868394], [12.391612, 44.858832], [12.416515, 44.851142], [12.415863, 44.843573], [12.408214, 44.836249], [12.396739, 44.833482], [12.396739, 44.826646], [12.403819, 44.825426], [12.41627, 44.821438], [12.424001, 44.820502], [12.416189, 44.80329], [12.39796, 44.793769], [12.375662, 44.792222], [12.357432, 44.804145], [12.346853, 44.815334], [12.321056, 44.833482], [12.302989, 44.842922], [12.292328, 44.843248], [12.266368, 44.826646], [12.266368, 44.820502], [12.28004, 44.820502], [12.253591, 44.751288], [12.246593, 44.711615], [12.252696, 44.668402], [12.26588, 44.636176], [12.274913, 44.62051], [12.283458, 44.613756], [12.285818, 44.602688], [12.28004, 44.531887], [12.283702, 44.487616], [12.31422, 44.387193], [12.318207, 44.361151], [12.321056, 44.353705], [12.32545, 44.347805], [12.339203, 44.334296], [12.342133, 44.329495], [12.344249, 44.308295], [12.350271, 44.288153], [12.368826, 44.250678], [12.389985, 44.222724], [12.417166, 44.195461], [12.458018, 44.166409], [12.47877, 44.13935], [12.510916, 44.114569], [12.547374, 44.093451], [12.574229, 44.085598], [12.631358, 44.030097], [12.660899, 44.008287], [12.69158, 43.990627], [12.710297, 43.982896], [12.753835, 43.972398], [12.756114, 43.971869], [12.803966, 43.966864], [12.823009, 43.958564], [12.862153, 43.93537], [12.928884, 43.915839], [12.93865, 43.904608], [12.947276, 43.89761], [13.253266, 43.703192], [13.370128, 43.650458], [13.389822, 43.644599], [13.399669, 43.635647], [13.446625, 43.623725], [13.473399, 43.612006], [13.483165, 43.616278], [13.490733, 43.623603], [13.496267, 43.627509], [13.499034, 43.628485], [13.501231, 43.630601], [13.504405, 43.632758], [13.510265, 43.633734], [13.516124, 43.631741], [13.519054, 43.627183], [13.521007, 43.622707], [13.524181, 43.620673], [13.543224, 43.613227], [13.557791, 43.596747], [13.569184, 43.580308], [13.578868, 43.572903], [13.597911, 43.569525], [13.615571, 43.560492], [13.624522, 43.547187], [13.616954, 43.531317], [13.760265, 43.263739], [13.776052, 43.243598], [13.780284, 43.236518], [13.786632, 43.200588], [13.790782, 43.192084], [13.802745, 43.178209], [13.834809, 43.127265], [13.848643, 43.091742], [13.865408, 43.00731], [13.905528, 42.901557], [13.944672, 42.798285], [13.980479, 42.730373], [14.001231, 42.698432], [14.063243, 42.624823], [14.068858, 42.609565], [14.075369, 42.598822], [14.220551, 42.47016], [14.28419, 42.42829], [14.356212, 42.392971], [14.38738, 42.372952], [14.429047, 42.321723], [14.560232, 42.225653], [14.595876, 42.208564], [14.653494, 42.191067], [14.693696, 42.18537], [14.709239, 42.175482], [14.717052, 42.160061], [14.72283, 42.118801], [14.729503, 42.099107], [14.740733, 42.084621], [14.757498, 42.078843], [14.763357, 42.077948], [14.780121, 42.075263], [14.799815, 42.066352], [14.83546, 42.044135], [14.871104, 42.031806], [14.951996, 42.021064], [14.993663, 42.010647], [15.007335, 42.00137], [15.034516, 41.974595], [15.045177, 41.96898], [15.063162, 41.964301], [15.10434, 41.941881], [15.123383, 41.934272], [15.143565, 41.931179], [15.165375, 41.927802], [15.281749, 41.928046], [15.400564, 41.907782], [15.446056, 41.906928], [15.611339, 41.928046], [15.774425, 41.92121], [16.02711, 41.944078], [16.11085, 41.928046], [16.11199, 41.926337], [16.140473, 41.919908], [16.160899, 41.892646], [16.17921, 41.893297], [16.176036, 41.877387], [16.183604, 41.858466], [16.192231, 41.821357], [16.193044, 41.808417], [16.192882, 41.79092], [16.184337, 41.779608], [16.166677, 41.763414], [16.145763, 41.748847], [16.127615, 41.742499], [16.107188, 41.737616], [16.089692, 41.72602], [16.063162, 41.701483], [16.027517, 41.679918], [15.925304, 41.640041], [15.900076, 41.614651], [15.891368, 41.57685], [15.896332, 41.536444], [15.911794, 41.502875], [15.933604, 41.479438], [15.961111, 41.459459], [16.021658, 41.427802], [16.085134, 41.412665], [16.100352, 41.403551], [16.114106, 41.39289], [16.301443, 41.327867], [16.460297, 41.262641], [16.520681, 41.250149], [16.538585, 41.239407], [16.554373, 41.227484], [16.593923, 41.206977], [16.830577, 41.146308], [16.85141, 41.132961], [16.858165, 41.132961], [16.858165, 41.140367], [16.864431, 41.140367], [16.885265, 41.123969], [17.05714, 41.081855], [17.203136, 41.020982], [17.276378, 40.980211], [17.310069, 40.954779], [17.347911, 40.912095], [17.361176, 40.906399], [17.377696, 40.902289], [17.413585, 40.88109], [17.476085, 40.830146], [17.491954, 40.824449], [17.512218, 40.820299], [17.54835, 40.801947], [17.634532, 40.78498], [17.645274, 40.779771], [17.748383, 40.747626], [17.843923, 40.694159], [17.921886, 40.68301], [17.955821, 40.670478], [17.954926, 40.646918], [17.966319, 40.646796], [17.991954, 40.653144], [18.007009, 40.650702], [18.011078, 40.644192], [18.011485, 40.63524], [18.015798, 40.62519], [18.039236, 40.608222], [18.043224, 40.601996], [18.037446, 40.556952], [18.119965, 40.504584], [18.211681, 40.464748], [18.231456, 40.461371], [18.238292, 40.457668], [18.2588, 40.43065], [18.270193, 40.42121], [18.303233, 40.399888], [18.329112, 40.366685], [18.343761, 40.35163], [18.361501, 40.345282], [18.370453, 40.33869], [18.437266, 40.26789], [18.500011, 40.152493], [18.504242, 40.14643], [18.509451, 40.141832], [18.516124, 40.139228], [18.511078, 40.12759], [18.513682, 40.120551], [18.517426, 40.114163], [18.516124, 40.104478], [18.508067, 40.09455], [18.491873, 40.084662], [18.483572, 40.055162], [18.470388, 40.043443], [18.434093, 40.022528], [18.411388, 39.978827], [18.407888, 39.968492], [18.404063, 39.947496], [18.394786, 39.925605], [18.392589, 39.916083], [18.399669, 39.890326], [18.400076, 39.878567], [18.386485, 39.825344], [18.389171, 39.817084], [18.383962, 39.81391], [18.373709, 39.799791], [18.368337, 39.796617], [18.346528, 39.798041], [18.33839, 39.800116], [18.330414, 39.803412], [18.282074, 39.833197], [18.265636, 39.837592], [18.224376, 39.837592], [18.211274, 39.839342], [18.186534, 39.851874], [18.161876, 39.860541], [18.130626, 39.88349], [18.094249, 39.902737], [18.080903, 39.90644], [18.071544, 39.911526], [18.007335, 39.98607], [17.995372, 39.995266], [17.995372, 40.002672], [18.011078, 40.003363], [18.020274, 40.010199], [18.022146, 40.021674], [18.015798, 40.0362], [18.005138, 40.044867], [17.978363, 40.051663], [17.967459, 40.057318], [18.00294, 40.074449], [18.010997, 40.096015], [17.997244, 40.120429], [17.967459, 40.146064], [17.940684, 40.163031], [17.926036, 40.176256], [17.919607, 40.190741], [17.9192, 40.209947], [17.917003, 40.226874], [17.911143, 40.240302], [17.899669, 40.249091], [17.912771, 40.249091], [17.912771, 40.255316], [17.863129, 40.285631], [17.847667, 40.290025], [17.512055, 40.303697], [17.493907, 40.30744], [17.44044, 40.331], [17.430431, 40.33161], [17.409516, 40.330024], [17.399425, 40.331], [17.3921, 40.335028], [17.374685, 40.348578], [17.368175, 40.351508], [17.351248, 40.354804], [17.296397, 40.379462], [17.240001, 40.395331], [17.212901, 40.406195], [17.200206, 40.420396], [17.223481, 40.428412], [17.243012, 40.441392], [17.247895, 40.457343], [17.22755, 40.474433], [17.247406, 40.480292], [17.295746, 40.473212], [17.316254, 40.481879], [17.323253, 40.498481], [17.304047, 40.499457], [17.261729, 40.488715], [17.26352, 40.491034], [17.268565, 40.496161], [17.247406, 40.502834], [17.229015, 40.496894], [17.210704, 40.487006], [17.189952, 40.481879], [17.181814, 40.485297], [17.176443, 40.49315], [17.171723, 40.502265], [17.166189, 40.509182], [17.156016, 40.512397], [17.133474, 40.512641], [17.124522, 40.515326], [17.049571, 40.51911], [16.976085, 40.492621], [16.91212, 40.445217], [16.863292, 40.390937], [16.782725, 40.301581], [16.761404, 40.269599], [16.737559, 40.211005], [16.730724, 40.20067], [16.715994, 40.19359], [16.679454, 40.146064], [16.640066, 40.11876], [16.624522, 40.107978], [16.604747, 40.084459], [16.596934, 40.04678], [16.599376, 40.034125], [16.613617, 39.996649], [16.631602, 39.966213], [16.621755, 39.953559], [16.605479, 39.942939], [16.589203, 39.919827], [16.542247, 39.885403], [16.508149, 39.837592], [16.49171, 39.805487], [16.489757, 39.775214], [16.502126, 39.747056], [16.528575, 39.721503], [16.528575, 39.714667], [16.515636, 39.689602], [16.545909, 39.660875], [16.591482, 39.636786], [16.624848, 39.625312], [16.749766, 39.620022], [16.782481, 39.61164], [16.798106, 39.603461], [16.816091, 39.591051], [16.830903, 39.576158], [16.837169, 39.560452], [16.846202, 39.55268], [16.906016, 39.529731], [16.952973, 39.499213], [16.970876, 39.49494], [16.995372, 39.492743], [17.011485, 39.486151], [17.023448, 39.475409], [17.035818, 39.460761], [17.05714, 39.441636], [17.088552, 39.422593], [17.124197, 39.409003], [17.158702, 39.406195], [17.122244, 39.338324], [17.114919, 39.282782], [17.114513, 39.269355], [17.117686, 39.256008], [17.124766, 39.244615], [17.1421, 39.222317], [17.145681, 39.210679], [17.140391, 39.1789], [17.122244, 39.121039], [17.124522, 39.090888], [17.14796, 39.054185], [17.151866, 39.045885], [17.158458, 39.040473], [17.192556, 39.031073], [17.206391, 39.029486], [17.18686, 39.019029], [17.176606, 39.012112], [17.172374, 39.005194], [17.17156, 38.96601], [17.172374, 38.960517], [17.138845, 38.936713], [17.13502, 38.932603], [17.127696, 38.928778], [17.118907, 38.919664], [17.104015, 38.899075], [17.094981, 38.919135], [17.070567, 38.922797], [17.042247, 38.916246], [17.021983, 38.905951], [16.996349, 38.929511], [16.981293, 38.937201], [16.957286, 38.94009], [16.935069, 38.938707], [16.838552, 38.918199], [16.727794, 38.878852], [16.687755, 38.855862], [16.679454, 38.847561], [16.670746, 38.840644], [16.610606, 38.816555], [16.585623, 38.797838], [16.574392, 38.785061], [16.563731, 38.756741], [16.550955, 38.7414], [16.538829, 38.723334], [16.534841, 38.699897], [16.546886, 38.693183], [16.549083, 38.689927], [16.548513, 38.672065], [16.558849, 38.596015], [16.576996, 38.528551], [16.577159, 38.502875], [16.569591, 38.429511], [16.561371, 38.416327], [16.521983, 38.387152], [16.508149, 38.371527], [16.497569, 38.369289], [16.467052, 38.3487], [16.435069, 38.339993], [16.339854, 38.300849], [16.306326, 38.277086], [16.169444, 38.143215], [16.151866, 38.110826], [16.125499, 38.004828], [16.11085, 37.973619], [16.101329, 37.960517], [16.090017, 37.949205], [16.077159, 37.939887], [16.063162, 37.932685], [16.01588, 37.924709], [16.000987, 37.919013], [15.942149, 37.933092], [15.761485, 37.925238], [15.734874, 37.930976], [15.708263, 37.940985], [15.684418, 37.953518], [15.665782, 37.966864], [15.645518, 37.988349], [15.635102, 38.009101], [15.638357, 38.027737], [15.658458, 38.042548], [15.63266, 38.074205], [15.624034, 38.092108], [15.627452, 38.107367], [15.641612, 38.125922], [15.647797, 38.143134], [15.646495, 38.162095], [15.63795, 38.18594], [15.632823, 38.220282], [15.650564, 38.241034], [15.684255, 38.253119], [15.786469, 38.278022], [15.795665, 38.285549], [15.798676, 38.290717], [15.812836, 38.300605], [15.816173, 38.306057], [15.829763, 38.35102], [15.904796, 38.473944], [15.917817, 38.516791], [15.916026, 38.55036], [15.900076, 38.578274], [15.870779, 38.604234], [15.863536, 38.608222], [15.849946, 38.613349], [15.844005, 38.617906], [15.83546, 38.628241], [15.833669, 38.633775], [15.835216, 38.639228], [15.836599, 38.648993], [15.844493, 38.660386], [15.863129, 38.66828], [15.904796, 38.679389], [15.968028, 38.712592], [16.002615, 38.725409], [16.048839, 38.727729], [16.12086, 38.720933], [16.135997, 38.723822], [16.152599, 38.730902], [16.17921, 38.748277], [16.200938, 38.776435], [16.215099, 38.814154], [16.22169, 38.856594], [16.220063, 38.899075], [16.214692, 38.919013], [16.2046, 38.934068], [16.189626, 38.943549], [16.168956, 38.946845], [16.154307, 38.955024], [16.139659, 38.973782], [16.083018, 39.075263], [16.042003, 39.310614], [16.034027, 39.345242], [15.995396, 39.438768], [15.958076, 39.477564], [15.933116, 39.513658], [15.904796, 39.535956], [15.876231, 39.551459], [15.867524, 39.56391], [15.859716, 39.588764], [15.850271, 39.614732], [15.836599, 39.652655], [15.815684, 39.6789], [15.806407, 39.695502], [15.788748, 39.796617], [15.788748, 39.790351], [15.783946, 39.810004], [15.778819, 39.820136], [15.771332, 39.82453], [15.769705, 39.830146], [15.781912, 39.868598], [15.774425, 39.891099], [15.741547, 39.929592], [15.734141, 39.943752], [15.728038, 39.964179], [15.713145, 39.981024], [15.678884, 40.008857], [15.651622, 40.043647], [15.630382, 40.057685], [15.624685, 40.064887], [15.624278, 40.077786], [15.610199, 40.073188], [15.534923, 40.077786], [15.513127, 40.06768], [15.495312, 40.046719], [15.459809, 40.029364], [15.429602, 39.999793], [15.4101, 39.99397], [15.360943, 39.998891], [15.34316, 40.004149], [15.314301, 40.033759], [15.302745, 40.0362], [15.293305, 40.032416], [15.283051, 40.029853], [15.272227, 40.028754], [15.261241, 40.029364], [15.261241, 40.0362], [15.279145, 40.047675], [15.263438, 40.073717], [15.233897, 40.100002], [15.209646, 40.111884], [15.189952, 40.119127], [15.127208, 40.169623], [15.112804, 40.174791], [15.095876, 40.173082], [15.065684, 40.166571], [15.047211, 40.168931], [15.034923, 40.17536], [15.022804, 40.195627], [15.003122, 40.210259], [14.975904, 40.219313], [14.966319, 40.224555], [14.957088, 40.23155], [14.938138, 40.227839], [14.92213, 40.238023], [14.911143, 40.241645], [14.906912, 40.258612], [14.931895, 40.285549], [14.939138, 40.307074], [14.932384, 40.324286], [14.932384, 40.333726], [14.942149, 40.337836], [14.953949, 40.339911], [14.964366, 40.34516], [14.972911, 40.351996], [14.99449, 40.358434], [15.000433, 40.368828], [14.998267, 40.397559], [14.975922, 40.431464], [14.888845, 40.573065], [14.861501, 40.607164], [14.83546, 40.632636], [14.809744, 40.652981], [14.781993, 40.669867], [14.752208, 40.676703], [14.719981, 40.666815], [14.69044, 40.649115], [14.678071, 40.646633], [14.625743, 40.649075], [14.613292, 40.645901], [14.5713, 40.617743], [14.5442, 40.613593], [14.516368, 40.619859], [14.486583, 40.632636], [14.471365, 40.624661], [14.422048, 40.615546], [14.401541, 40.602118], [14.355805, 40.583645], [14.342621, 40.570624], [14.329845, 40.584459], [14.327973, 40.605414], [14.337738, 40.624416], [14.35963, 40.632636], [14.379731, 40.633857], [14.38738, 40.636949], [14.398213, 40.643842], [14.404799, 40.656033], [14.444211, 40.685987], [14.47637, 40.695102], [14.479747, 40.711493], [14.474132, 40.729682], [14.460623, 40.744208], [14.442638, 40.755072], [14.42129, 40.75093], [14.405403, 40.756887], [14.394433, 40.761566], [14.382554, 40.772266], [14.366609, 40.780178], [14.348888, 40.796861], [14.312348, 40.828111], [14.2942, 40.838772], [14.275727, 40.840033], [14.248383, 40.837714], [14.223643, 40.831366], [14.212738, 40.820746], [14.203461, 40.801215], [14.182203, 40.800918], [14.165597, 40.815752], [14.135233, 40.818554], [14.111501, 40.829535], [14.095958, 40.833808], [14.08253, 40.831285], [14.076182, 40.822211], [14.077403, 40.81037], [14.081228, 40.797105], [14.08253, 40.783515], [14.075282, 40.786278], [14.047697, 40.789589], [14.041151, 40.796484], [14.052257, 40.837592], [14.044465, 40.874205], [14.021344, 40.921829], [13.965343, 40.996405], [13.930186, 41.014146], [13.917979, 41.023668], [13.914561, 41.033149], [13.912771, 41.054429], [13.910655, 41.064643], [13.884318, 41.1048], [13.851725, 41.147316], [13.790491, 41.205864], [13.721853, 41.252387], [13.708507, 41.256415], [13.678722, 41.250556], [13.663341, 41.250678], [13.656586, 41.259589], [13.594412, 41.253119], [13.56365, 41.237982], [13.57545, 41.208075], [13.543956, 41.20661], [13.534434, 41.208075], [13.525238, 41.215399], [13.519542, 41.225165], [13.514415, 41.229682], [13.507091, 41.221747], [13.499685, 41.221747], [13.480235, 41.239163], [13.324392, 41.294827], [13.285818, 41.295722], [13.204845, 41.283759], [13.187022, 41.278022], [13.151215, 41.260199], [13.114513, 41.250881], [13.090505, 41.226549], [13.068207, 41.221747], [13.044607, 41.227525], [13.036794, 41.240424], [13.033458, 41.256903], [13.023692, 41.273586], [13.011974, 41.286526], [12.992686, 41.315619], [12.979503, 41.331], [12.923839, 41.379788], [12.893565, 41.399319], [12.862153, 41.41352], [12.841563, 41.418402], [12.76295, 41.421373], [12.748546, 41.423733], [12.678559, 41.457953], [12.653982, 41.465644], [12.642426, 41.458197], [12.635265, 41.447496], [12.619395, 41.459133], [12.545584, 41.544135], [12.448009, 41.630764], [12.342784, 41.702297], [12.327159, 41.711371], [12.300629, 41.717434], [12.285004, 41.7272], [12.276622, 41.729438], [12.246918, 41.73371], [12.239024, 41.736274], [12.223481, 41.750678], [12.21518, 41.768134], [12.211762, 41.787543], [12.211192, 41.807929], [12.206228, 41.827338], [12.194591, 41.847357], [12.170177, 41.879584], [12.147472, 41.903469], [12.049978, 41.96015], [12.038829, 41.965155], [12.029796, 41.972846], [12.026134, 41.985785], [12.020356, 41.993069], [11.992035, 41.996283], [11.982188, 41.999742], [11.969005, 42.01142], [11.952647, 42.022284], [11.934581, 42.03148], [11.91684, 42.037909], [11.839692, 42.036444], [11.827485, 42.034166], [11.822113, 42.04678], [11.809418, 42.066352], [11.79363, 42.084459], [11.779796, 42.092515], [11.771983, 42.106269], [11.750173, 42.127916], [11.745616, 42.136623], [11.742931, 42.152289], [11.736176, 42.168891], [11.68214, 42.252143], [11.658214, 42.279364], [11.539073, 42.348863], [11.489268, 42.359361], [11.420665, 42.386623], [11.396169, 42.392971], [11.396169, 42.400377], [11.386892, 42.404283], [11.376638, 42.406887], [11.365733, 42.407904], [11.354666, 42.407213], [11.362071, 42.400377], [11.333018, 42.40058], [11.259044, 42.420844], [11.245616, 42.422309], [11.227387, 42.422187], [11.211274, 42.418891], [11.204356, 42.410956], [11.200938, 42.395453], [11.18629, 42.379299], [11.183849, 42.366278], [11.174653, 42.36933], [11.164724, 42.36933], [11.1574, 42.367743], [11.155935, 42.366278], [11.147797, 42.371405], [11.134532, 42.384182], [11.106619, 42.391262], [11.094493, 42.402737], [11.086762, 42.418362], [11.086941, 42.429457], [11.099132, 42.442857], [11.113021, 42.446358], [11.141816, 42.438797], [11.164191, 42.439828], [11.179692, 42.456498], [11.188448, 42.480267], [11.188975, 42.504706], [11.18686, 42.520819], [11.166026, 42.54621], [11.158458, 42.564032], [11.148611, 42.563178], [11.137218, 42.558905], [11.128673, 42.558051], [11.115977, 42.571967], [11.10727, 42.590766], [11.097423, 42.606879], [11.080903, 42.612698], [11.07781, 42.632229], [11.053477, 42.64704], [11.005707, 42.667914], [11.000255, 42.679877], [10.995616, 42.696031], [10.990001, 42.710273], [10.981212, 42.716295], [10.972341, 42.720038], [10.943614, 42.742987], [10.89088, 42.763902], [10.731293, 42.804429], [10.755382, 42.819159], [10.764903, 42.835273], [10.766368, 42.854193], [10.765636, 42.877102], [10.768728, 42.883938], [10.774587, 42.888251], [10.77768, 42.894721], [10.77296, 42.908149], [10.76352, 42.91828], [10.750743, 42.925279], [10.681407, 42.949042], [10.632498, 42.958482], [10.583263, 42.959703], [10.539073, 42.949123], [10.543468, 42.938788], [10.54656, 42.93476], [10.518565, 42.925279], [10.499522, 42.940497], [10.47755, 42.990058], [10.502696, 43.005561], [10.5171, 43.023912], [10.539073, 43.079413], [10.535655, 43.091376], [10.535655, 43.112616], [10.539317, 43.134182], [10.54656, 43.147121], [10.538341, 43.164252], [10.534434, 43.185289], [10.532888, 43.226223], [10.528168, 43.246772], [10.516938, 43.266791], [10.437022, 43.388577], [10.373383, 43.453192], [10.359141, 43.465277], [10.326345, 43.476874], [10.317231, 43.492621], [10.29477, 43.568549], [10.264008, 43.809394], [10.251638, 43.846625], [10.210134, 43.920233], [10.180675, 43.955268], [10.136485, 43.978705], [10.105805, 44.01675], [10.090587, 44.025377], [10.072032, 44.029527], [10.03533, 44.047838], [10.014822, 44.052069], [9.998546, 44.058051], [9.988536, 44.05976], [9.984141, 44.055487], [9.980724, 44.049872], [9.972667, 44.045722], [9.962738, 44.044664], [9.953624, 44.048651], [9.937836, 44.06037], [9.904307, 44.079901], [9.88795, 44.093004], [9.876801, 44.087836], [9.844737, 44.108629], [9.826427, 44.107245], [9.833263, 44.09984], [9.828624, 44.098131], [9.823985, 44.09512], [9.819591, 44.093004], [9.824474, 44.084906], [9.830577, 44.078843], [9.838145, 44.074774], [9.847504, 44.072496], [9.847504, 44.066311], [9.841645, 44.063381], [9.838878, 44.06037], [9.833263, 44.052069], [9.846365, 44.046291], [9.84254, 44.041164], [9.832286, 44.042304], [9.826427, 44.055487], [9.819835, 44.063381], [9.771821, 44.079413], [9.720876, 44.113471], [9.709727, 44.117743], [9.682628, 44.136542], [9.672537, 44.140815], [9.64324, 44.14232], [9.631033, 44.144599], [9.621104, 44.148261], [9.586192, 44.17772], [9.579926, 44.178941], [9.573009, 44.191596], [9.556488, 44.200141], [9.511241, 44.215237], [9.499034, 44.221829], [9.489757, 44.230902], [9.484386, 44.243842], [9.472504, 44.239814], [9.453868, 44.237698], [9.436778, 44.239488], [9.42921, 44.24726], [9.422374, 44.256781], [9.374522, 44.271796], [9.367686, 44.29442], [9.262706, 44.336412], [9.230642, 44.353705], [9.221039, 44.344062], [9.213715, 44.333441], [9.209809, 44.320868], [9.210704, 44.305325], [9.16505, 44.318305], [9.146658, 44.328559], [9.148611, 44.340033], [9.130056, 44.363349], [9.102061, 44.373969], [9.001231, 44.387274], [8.952891, 44.399807], [8.923676, 44.411566], [8.914561, 44.408922], [8.868419, 44.409735], [8.845388, 44.413479], [8.837738, 44.417182], [8.826996, 44.428453], [8.76238, 44.432115], [8.737153, 44.428778], [8.724783, 44.423977], [8.695811, 44.406724], [8.685313, 44.398098], [8.678559, 44.39468], [8.670909, 44.394721], [8.662771, 44.395575], [8.655121, 44.39468], [8.593761, 44.362738], [8.576671, 44.360541], [8.564789, 44.357164], [8.540294, 44.340033], [8.466075, 44.304267], [8.444509, 44.283881], [8.449718, 44.26435], [8.439464, 44.25316], [8.436534, 44.247545], [8.435395, 44.240424], [8.432384, 44.238023], [8.417247, 44.230658], [8.411876, 44.227037], [8.406505, 44.215033], [8.408539, 44.204088], [8.408214, 44.193508], [8.394542, 44.182359], [8.369395, 44.173529], [8.313487, 44.160468], [8.284679, 44.148261], [8.269542, 44.138739], [8.256521, 44.128363], [8.233165, 44.103583], [8.229991, 44.09634], [8.231212, 44.080308], [8.229991, 44.072496], [8.223806, 44.057196], [8.216319, 44.045233], [8.169119, 44.006659], [8.15268, 43.983222], [8.167979, 43.962633], [8.167979, 43.956488], [8.144705, 43.952582], [8.115245, 43.92768], [8.089203, 43.919867], [8.081554, 43.915229], [8.07545, 43.909654], [8.073009, 43.904608], [8.067719, 43.896674], [8.055675, 43.892076], [8.031423, 43.887519], [7.959727, 43.852851], [7.785818, 43.821967], [7.736583, 43.798245], [7.694998, 43.791205], [7.572032, 43.791327], [7.544119, 43.784491], [7.531098, 43.784491], [7.523204, 43.789049], [7.512869, 43.792141], [7.502289, 43.792222], [7.482726, 43.840219], [7.477869, 43.865515], [7.493475, 43.886237], [7.53678, 43.920783], [7.556934, 43.944089], [7.60861, 43.975611], [7.630934, 43.993543], [7.638686, 44.005067], [7.646954, 44.027495], [7.653362, 44.03969], [7.664317, 44.048579], [7.678787, 44.056588], [7.689949, 44.067337], [7.691912, 44.084649], [7.687943, 44.090799], [7.676203, 44.108988], [7.654085, 44.124956], [7.64189, 44.14356], [7.655636, 44.176064], [7.624733, 44.180095], [7.583599, 44.160716], [7.554763, 44.159063], [7.38082, 44.122941], [7.340616, 44.123664], [7.331004, 44.125266], [7.321599, 44.131881], [7.316225, 44.140201], [7.3093, 44.147487], [7.296174, 44.151156], [7.270129, 44.154309], [7.251319, 44.160045], [7.144969, 44.207225], [7.104868, 44.217767], [7.04606, 44.240298], [7.033451, 44.242934], [7.020016, 44.242107], [7.008027, 44.239213], [6.996141, 44.237818], [6.982808, 44.241745], [6.973403, 44.249445], [6.968856, 44.258178], [6.965549, 44.267532], [6.959244, 44.27735], [6.950046, 44.285102], [6.930202, 44.295385], [6.92121, 44.302155], [6.915629, 44.3097], [6.903847, 44.330008], [6.895992, 44.339827], [6.873978, 44.358379], [6.869844, 44.362926], [6.866123, 44.372125], [6.86633, 44.377189], [6.86881, 44.383183], [6.877182, 44.414396], [6.88421, 44.423026], [6.9178, 44.436307], [6.891651, 44.451965], [6.861266, 44.474909], [6.838838, 44.502918], [6.835737, 44.534027], [6.846383, 44.547463], [6.897336, 44.57542], [6.931649, 44.61795], [6.945601, 44.625443], [6.934336, 44.646682], [6.941467, 44.66699], [6.959864, 44.683165], [6.982808, 44.692157], [7.001205, 44.69226], [7.037275, 44.684612], [7.055155, 44.684871], [7.049368, 44.697893], [7.018982, 44.738872], [7.015158, 44.747399], [7.009784, 44.7721], [6.998415, 44.793753], [6.999138, 44.795045], [7.004099, 44.810806], [7.00596, 44.811529], [7.005856, 44.816335], [7.006786, 44.819023], [7.007096, 44.822071], [7.004926, 44.827963], [7.000792, 44.832975], [6.982808, 44.846979], [6.932682, 44.861656], [6.915319, 44.862689], [6.86602, 44.855661], [6.847106, 44.859072], [6.77817, 44.887649], [6.745407, 44.907803], [6.72794, 44.928732], [6.729904, 44.984697], [6.723496, 45.013378], [6.697245, 45.026917], [6.662208, 45.029242], [6.651666, 45.03565], [6.639677, 45.050378], [6.63699, 45.059421], [6.638127, 45.067431], [6.636576, 45.074459], [6.620298, 45.084433], [6.602728, 45.10345], [6.614614, 45.114767], [6.629385, 45.123545], [6.632701, 45.125515], [6.667376, 45.139623], [6.676264, 45.14076], [6.694351, 45.140295], [6.702205, 45.141225], [6.710887, 45.144739], [6.72887, 45.154609], [6.736415, 45.157348], [6.771452, 45.153162], [6.808142, 45.139106], [6.844109, 45.130115], [6.876665, 45.141225], [6.878629, 45.147426], [6.872841, 45.152025], [6.86819, 45.157451], [6.873461, 45.165926], [6.881316, 45.168407], [6.904674, 45.168614], [6.913769, 45.170164], [6.928445, 45.179569], [6.945808, 45.201066], [6.958727, 45.2098], [6.994487, 45.221324], [7.029731, 45.228197], [7.037689, 45.225768], [7.050195, 45.215019], [7.055466, 45.213675], [7.062183, 45.218533], [7.0812, 45.243079], [7.108382, 45.259202], [7.108382, 45.274912], [7.097634, 45.294962], [7.092569, 45.323953], [7.097737, 45.329844], [7.130086, 45.357078], [7.150757, 45.383226], [7.159645, 45.39847], [7.160679, 45.410924], [7.152927, 45.41511], [7.110139, 45.428288], [7.096807, 45.435419], [7.088745, 45.446633], [7.081821, 45.459087], [7.075369, 45.466286], [7.072002, 45.470042], [7.02849, 45.493142], [6.982808, 45.511125], [6.975264, 45.525646], [6.969786, 45.566987], [6.965859, 45.574429], [6.954903, 45.586211], [6.952939, 45.594272], [6.955627, 45.602592], [6.967099, 45.620162], [6.969476, 45.625847], [6.963378, 45.640729], [6.951079, 45.646776], [6.918626, 45.652563], [6.905294, 45.659695], [6.882556, 45.675508], [6.869224, 45.679022], [6.843075, 45.682742], [6.8161, 45.69685], [6.795946, 45.718141], [6.784681, 45.759585], [6.781994, 45.777465], [6.782717, 45.795294], [6.788092, 45.811727], [6.800804, 45.826455], [6.816204, 45.832914], [6.843356, 45.838643], [6.851997, 45.836223], [6.858564, 45.833458], [6.864441, 45.826891], [6.870662, 45.828273], [6.871699, 45.832767], [6.872736, 45.83968], [6.873461, 45.8448], [6.880386, 45.845523], [6.905087, 45.845368], [6.926378, 45.849761], [6.949012, 45.857822], [6.969166, 45.869759], [6.982808, 45.885779], [6.989113, 45.899267], [6.997175, 45.911307], [7.007717, 45.920506], [7.022083, 45.92526]], [[12.42945, 43.892056], [12.460456, 43.895259], [12.478287, 43.917038], [12.477494, 43.920051], [12.478026, 43.923216], [12.479576, 43.9258], [12.48216, 43.927919], [12.483094, 43.929205], [12.490325, 43.939159], [12.492392, 43.956419], [12.489188, 43.97311], [12.48216, 43.982567], [12.453325, 43.979053], [12.421389, 43.967219], [12.411049, 43.959661], [12.395654, 43.948409], [12.385629, 43.924534], [12.399581, 43.903218], [12.42945, 43.892056]], [[12.453137, 41.902752], [12.454035, 41.902752], [12.453983, 41.903862], [12.453031, 41.903915], [12.452767, 41.903439], [12.452714, 41.903016], [12.453137, 41.902752]]], [[[11.999522, 36.835924], [12.037608, 36.806627], [12.051524, 36.790351], [12.053477, 36.767646], [12.03061, 36.74136], [11.996104, 36.74494], [11.961192, 36.765204], [11.937348, 36.788764], [11.932953, 36.79564], [11.924978, 36.811957], [11.922211, 36.828355], [11.934337, 36.835924], [11.938813, 36.837063], [11.946137, 36.841702], [11.951345, 36.84276], [11.957693, 36.840562], [11.967296, 36.831204], [11.971446, 36.829088], [11.980642, 36.827094], [11.987315, 36.824164], [11.992931, 36.825385], [11.999522, 36.835924]]], [[[12.273204, 37.939521], [12.286957, 37.938544], [12.297048, 37.941311], [12.305431, 37.944973], [12.31422, 37.946357], [12.3213, 37.940497], [12.336762, 37.933051], [12.354666, 37.926988], [12.368826, 37.925238], [12.357677, 37.914049], [12.342133, 37.913235], [12.326182, 37.918362], [12.31422, 37.925238], [12.299653, 37.919257], [12.287771, 37.921536], [12.278656, 37.929185], [12.273204, 37.939521]]], [[[15.528656, 38.302639], [15.559255, 38.300116], [15.615977, 38.280219], [15.651622, 38.275295], [15.648285, 38.26675], [15.642426, 38.262274], [15.634451, 38.260932], [15.624278, 38.261664], [15.583751, 38.240424], [15.569672, 38.226955], [15.562999, 38.214301], [15.559906, 38.199774], [15.575938, 38.200181], [15.527029, 38.136786], [15.500336, 38.084947], [15.392589, 37.976142], [15.302745, 37.864407], [15.283458, 37.832953], [15.266287, 37.811916], [15.241222, 37.795559], [15.213064, 37.761461], [15.206554, 37.747748], [15.208263, 37.737047], [15.218598, 37.718085], [15.220225, 37.706732], [15.216075, 37.696723], [15.202159, 37.68537], [15.199067, 37.675727], [15.196788, 37.655097], [15.184581, 37.6258], [15.178559, 37.604315], [15.163829, 37.567694], [15.115896, 37.522284], [15.09669, 37.494452], [15.091563, 37.477484], [15.089529, 37.459459], [15.092052, 37.360541], [15.09669, 37.343695], [15.103526, 37.329779], [15.110688, 37.321845], [15.180024, 37.290758], [15.217459, 37.28498], [15.236664, 37.274726], [15.251964, 37.257717], [15.261241, 37.233832], [15.244884, 37.246161], [15.235606, 37.241929], [15.228852, 37.230292], [15.220225, 37.22016], [15.22169, 37.237454], [15.215831, 37.244696], [15.205414, 37.244696], [15.192882, 37.239976], [15.199067, 37.227607], [15.183442, 37.207465], [15.194672, 37.176337], [15.216482, 37.155219], [15.233246, 37.164862], [15.247569, 37.158677], [15.247569, 37.151842], [15.229177, 37.149644], [15.231781, 37.134914], [15.246593, 37.118232], [15.264659, 37.110297], [15.288829, 37.108385], [15.303233, 37.101223], [15.307872, 37.086656], [15.302745, 37.062486], [15.287934, 37.068996], [15.281993, 37.060858], [15.283702, 37.048407], [15.29184, 37.041978], [15.312266, 37.044013], [15.321056, 37.040229], [15.329438, 37.027737], [15.332367, 37.011623], [15.324718, 37.00849], [15.31422, 37.012437], [15.30893, 37.017768], [15.303396, 37.016181], [15.268077, 37.000434], [15.274913, 36.993598], [15.266124, 36.989407], [15.263845, 36.987128], [15.268077, 36.980536], [15.268077, 36.97309], [15.244477, 36.972073], [15.226736, 36.964789], [15.211681, 36.956488], [15.196056, 36.952623], [15.174653, 36.944078], [15.158376, 36.924221], [15.107677, 36.820136], [15.106619, 36.80858], [15.094005, 36.799547], [15.098888, 36.779446], [15.117198, 36.747138], [15.134939, 36.68769], [15.134288, 36.675198], [15.114513, 36.659898], [15.093923, 36.654934], [15.073578, 36.659125], [15.055186, 36.671454], [15.040701, 36.68769], [15.033051, 36.693915], [15.021007, 36.699368], [15.007172, 36.702786], [14.997813, 36.702216], [14.993663, 36.69595], [14.982432, 36.68887], [14.957286, 36.697821], [14.91863, 36.719875], [14.882172, 36.730658], [14.846853, 36.726264], [14.780772, 36.699368], [14.776134, 36.707709], [14.773448, 36.710028], [14.760916, 36.706204], [14.744314, 36.719143], [14.684581, 36.72602], [14.671641, 36.74372], [14.658946, 36.753811], [14.600108, 36.772121], [14.582205, 36.781317], [14.565929, 36.778306], [14.487315, 36.793362], [14.475759, 36.804918], [14.394542, 36.945014], [14.369884, 36.97309], [14.278819, 37.044013], [14.208507, 37.081122], [14.126313, 37.11225], [14.088634, 37.117743], [13.976329, 37.110297], [13.967296, 37.108222], [13.948578, 37.098822], [13.938487, 37.095933], [13.894379, 37.100816], [13.832693, 37.139553], [13.794607, 37.151842], [13.751638, 37.159003], [13.715831, 37.171373], [13.683442, 37.189358], [13.598806, 37.256741], [13.569184, 37.273505], [13.534434, 37.282172], [13.488617, 37.288479], [13.452647, 37.298814], [13.42156, 37.314399], [13.372244, 37.346137], [13.3296, 37.366278], [13.31129, 37.380845], [13.302013, 37.385728], [13.289236, 37.389146], [13.278005, 37.393704], [13.253266, 37.431789], [13.247325, 37.43594], [13.225352, 37.446031], [13.214041, 37.458075], [13.206065, 37.463935], [13.194591, 37.466539], [13.18922, 37.469713], [13.179373, 37.483832], [13.174083, 37.487006], [13.051524, 37.500678], [13.036794, 37.494859], [13.026378, 37.493232], [13.016856, 37.497545], [13.010427, 37.506903], [13.004161, 37.527086], [13.000011, 37.535468], [12.974132, 37.55744], [12.942638, 37.568508], [12.862153, 37.576402], [12.780935, 37.574205], [12.697765, 37.56273], [12.659353, 37.565131], [12.636241, 37.582221], [12.594737, 37.637885], [12.57781, 37.652004], [12.563487, 37.657782], [12.523611, 37.658352], [12.506196, 37.665513], [12.489024, 37.682685], [12.474376, 37.702948], [12.465017, 37.719794], [12.46046, 37.734605], [12.459158, 37.747748], [12.456309, 37.759752], [12.448009, 37.771308], [12.43629, 37.783149], [12.427013, 37.797024], [12.427419, 37.809272], [12.444591, 37.815985], [12.446056, 37.811835], [12.46046, 37.819037], [12.465017, 37.822821], [12.463064, 37.825751], [12.470225, 37.85342], [12.472423, 37.854193], [12.477712, 37.872545], [12.478689, 37.881171], [12.476736, 37.885932], [12.467784, 37.897121], [12.465017, 37.905992], [12.464122, 37.912909], [12.464529, 37.91413], [12.467052, 37.916164], [12.490489, 37.954006], [12.496593, 37.980618], [12.50294, 37.997056], [12.504161, 38.011217], [12.492931, 38.02143], [12.523448, 38.03144], [12.549653, 38.054836], [12.576345, 38.071723], [12.608409, 38.062405], [12.638682, 38.079495], [12.651622, 38.091498], [12.656912, 38.107367], [12.662446, 38.116278], [12.676036, 38.115871], [12.691905, 38.112128], [12.7046, 38.110826], [12.725352, 38.125922], [12.723969, 38.150336], [12.7199, 38.175482], [12.731781, 38.192776], [12.737804, 38.180976], [12.74936, 38.182074], [12.760916, 38.180976], [12.766124, 38.162665], [12.790782, 38.117092], [12.81837, 38.077948], [12.828787, 38.069892], [12.856944, 38.05858], [12.868907, 38.051337], [12.86964, 38.042548], [12.901134, 38.028062], [12.944184, 38.032864], [13.027354, 38.062405], [13.061371, 38.083482], [13.069672, 38.091132], [13.0713, 38.095526], [13.069591, 38.101467], [13.068207, 38.113959], [13.066173, 38.123033], [13.056814, 38.132717], [13.054698, 38.141832], [13.089366, 38.166002], [13.083751, 38.174709], [13.08961, 38.183336], [13.100922, 38.19009], [13.112478, 38.192776], [13.122406, 38.190985], [13.156993, 38.179674], [13.179373, 38.176215], [13.207205, 38.176093], [13.230317, 38.184638], [13.239024, 38.207017], [13.254405, 38.202541], [13.265961, 38.205268], [13.277029, 38.210435], [13.296641, 38.214423], [13.310232, 38.21955], [13.318126, 38.220649], [13.323253, 38.217963], [13.325043, 38.211656], [13.32602, 38.204779], [13.32838, 38.200181], [13.366222, 38.179674], [13.371918, 38.172797], [13.373302, 38.140692], [13.37672, 38.131293], [13.391368, 38.103176], [13.51352, 38.110541], [13.54127, 38.094062], [13.539317, 38.07685], [13.540863, 38.067532], [13.547374, 38.05622], [13.557465, 38.04914], [13.587087, 38.03913], [13.622406, 38.015204], [13.651134, 38.000963], [13.697765, 37.993598], [13.711925, 37.987942], [13.707774, 37.985093], [13.707286, 37.984036], [13.705089, 37.980455], [13.726736, 37.980902], [13.790782, 37.973619], [13.812673, 37.977932], [13.857188, 37.996731], [13.898285, 38.004462], [13.912283, 38.012641], [13.924815, 38.021959], [13.938487, 38.028876], [14.007172, 38.038275], [14.020518, 38.049384], [14.062511, 38.030219], [14.083263, 38.02383], [14.106293, 38.02143], [14.120942, 38.02261], [14.151378, 38.028876], [14.273204, 38.015123], [14.331228, 38.018012], [14.384613, 38.029527], [14.431895, 38.049384], [14.464122, 38.037177], [14.511729, 38.044379], [14.634613, 38.081488], [14.667735, 38.099189], [14.695974, 38.121039], [14.733735, 38.15762], [14.744802, 38.161363], [14.777599, 38.159247], [14.798106, 38.160346], [14.874034, 38.175686], [14.888031, 38.182603], [14.897472, 38.18594], [14.907074, 38.18769], [14.935313, 38.18594], [14.944998, 38.181789], [14.963064, 38.163398], [14.969737, 38.159247], [14.981781, 38.158271], [15.007335, 38.151801], [15.039073, 38.153306], [15.049001, 38.151801], [15.053071, 38.148383], [15.063243, 38.135688], [15.068696, 38.131293], [15.087901, 38.128241], [15.105317, 38.13349], [15.122569, 38.141059], [15.177419, 38.156317], [15.203298, 38.183295], [15.240733, 38.241156], [15.237641, 38.248847], [15.236095, 38.251044], [15.23699, 38.253485], [15.240733, 38.261664], [15.237153, 38.264797], [15.243175, 38.264797], [15.246349, 38.25434], [15.240733, 38.230292], [15.245372, 38.217231], [15.257579, 38.210191], [15.274181, 38.207506], [15.29184, 38.207017], [15.321056, 38.210883], [15.399669, 38.232571], [15.421886, 38.244574], [15.433767, 38.25316], [15.472911, 38.267808], [15.512869, 38.297593], [15.528656, 38.302639]]], [[[14.966319, 38.432929], [14.966319, 38.418687], [14.982432, 38.412421], [14.993663, 38.403022], [15.00172, 38.391262], [15.007335, 38.377672], [14.998546, 38.371039], [14.986827, 38.364081], [14.963552, 38.381659], [14.948253, 38.39643], [14.945323, 38.412258], [14.958832, 38.432929], [14.966319, 38.432929]]], [[[14.907725, 38.473944], [14.899425, 38.481676], [14.900645, 38.498684], [14.909679, 38.515326], [14.924815, 38.522366], [14.957856, 38.52204], [14.966075, 38.516262], [14.958832, 38.501858], [14.965505, 38.497545], [14.974132, 38.490058], [14.97934, 38.487535], [14.97934, 38.481391], [14.952647, 38.481391], [14.957856, 38.46955], [14.961192, 38.464993], [14.966319, 38.460883], [14.966319, 38.453437], [14.948741, 38.450914], [14.934581, 38.458645], [14.92156, 38.468817], [14.907725, 38.473944]]], [[[14.863292, 38.549018], [14.861664, 38.539293], [14.823985, 38.551825], [14.793793, 38.571601], [14.814952, 38.583808], [14.85141, 38.584906], [14.866954, 38.581122], [14.876964, 38.569525], [14.871918, 38.565253], [14.868907, 38.560492], [14.863292, 38.549018]]], [[[8.455903, 39.073554], [8.458018, 39.068061], [8.463145, 39.065253], [8.4699, 39.06566], [8.47641, 39.06977], [8.477306, 39.070705], [8.479177, 39.072211], [8.483897, 39.06977], [8.464041, 39.056545], [8.459321, 39.049791], [8.46339, 39.042467], [8.453949, 39.028144], [8.446544, 38.99433], [8.437022, 38.96719], [8.432465, 38.962836], [8.421886, 38.960517], [8.409841, 38.961819], [8.406016, 38.966946], [8.40504, 38.974026], [8.401378, 38.981024], [8.364919, 39.029486], [8.349294, 39.062161], [8.353526, 39.083441], [8.353526, 39.090888], [8.346039, 39.090888], [8.346039, 39.097724], [8.360362, 39.11815], [8.385916, 39.105048], [8.417654, 39.106594], [8.444591, 39.102729], [8.455903, 39.073554]]], [[[8.305837, 39.193305], [8.306326, 39.160793], [8.312022, 39.120307], [8.305837, 39.10456], [8.29005, 39.098822], [8.269379, 39.100165], [8.254731, 39.107123], [8.257335, 39.11815], [8.257335, 39.124416], [8.232677, 39.14411], [8.22462, 39.15705], [8.229991, 39.172797], [8.245291, 39.180976], [8.290294, 39.188422], [8.305837, 39.193305]]], [[[13.944672, 40.701606], [13.934825, 40.705634], [13.91977, 40.704495], [13.903494, 40.700019], [13.890147, 40.694159], [13.882009, 40.69953], [13.859711, 40.70775], [13.849132, 40.715277], [13.85613, 40.734849], [13.861501, 40.744045], [13.870128, 40.748725], [13.867198, 40.752631], [13.862804, 40.762397], [13.883149, 40.762397], [13.9463, 40.745185], [13.965831, 40.735053], [13.962657, 40.728949], [13.962413, 40.723131], [13.965831, 40.715277], [13.958669, 40.711819], [13.944672, 40.701606]]], [[[8.27475, 41.057278], [8.25115, 41.043769], [8.250987, 41.016099], [8.24643, 40.993638], [8.209646, 40.995795], [8.217621, 41.005032], [8.22169, 41.01439], [8.223155, 41.023993], [8.223155, 41.033637], [8.228852, 41.041734], [8.241384, 41.052069], [8.260753, 41.064643], [8.275645, 41.06977], [8.277843, 41.081732], [8.275645, 41.095404], [8.277843, 41.105658], [8.284353, 41.106879], [8.302094, 41.105048], [8.305837, 41.109076], [8.307953, 41.113837], [8.313324, 41.118598], [8.326182, 41.126125], [8.325938, 41.118354], [8.327973, 41.112494], [8.332367, 41.105658], [8.34197, 41.097846], [8.344737, 41.086249], [8.341319, 41.074123], [8.332367, 41.064643], [8.27475, 41.057278]]], [[[9.792247, 40.556952], [9.820567, 40.536363], [9.826427, 40.529608], [9.826671, 40.519599], [9.815196, 40.502509], [9.812185, 40.492377], [9.808767, 40.470771], [9.800304, 40.455512], [9.778087, 40.427232], [9.761729, 40.390692], [9.74936, 40.377265], [9.727387, 40.372016], [9.712413, 40.3664], [9.700857, 40.352973], [9.683116, 40.324205], [9.670177, 40.31269], [9.645518, 40.296088], [9.634613, 40.28262], [9.62615, 40.263088], [9.624848, 40.247748], [9.62908, 40.205552], [9.631114, 40.196194], [9.654633, 40.144599], [9.66505, 40.131578], [9.679698, 40.126166], [9.687836, 40.120673], [9.710216, 40.09634], [9.73227, 40.08393], [9.730317, 40.068549], [9.69337, 39.992906], [9.687266, 39.961168], [9.696625, 39.933783], [9.702485, 39.937201], [9.709727, 39.940334], [9.715668, 39.940131], [9.717784, 39.933783], [9.714529, 39.924506], [9.708181, 39.922187], [9.701427, 39.922065], [9.696625, 39.919501], [9.689464, 39.906562], [9.684337, 39.894232], [9.683849, 39.882514], [9.689789, 39.871731], [9.683116, 39.871731], [9.683116, 39.865546], [9.687755, 39.863511], [9.691905, 39.860053], [9.696625, 39.858059], [9.696625, 39.851874], [9.684255, 39.839911], [9.675548, 39.818915], [9.670258, 39.793769], [9.668793, 39.769273], [9.669932, 39.756578], [9.675059, 39.732082], [9.67628, 39.718085], [9.674083, 39.707994], [9.664806, 39.691392], [9.662608, 39.676825], [9.660411, 39.670722], [9.655772, 39.662909], [9.651134, 39.652493], [9.648936, 39.638983], [9.655772, 39.59455], [9.653005, 39.56684], [9.628429, 39.501776], [9.644867, 39.483954], [9.639008, 39.45246], [9.614106, 39.399359], [9.602061, 39.355658], [9.600434, 39.34101], [9.603526, 39.326239], [9.611583, 39.316555], [9.634613, 39.303168], [9.634613, 39.296942], [9.60727, 39.289008], [9.581879, 39.266303], [9.567556, 39.238105], [9.573253, 39.213813], [9.565603, 39.205064], [9.568858, 39.199286], [9.57602, 39.193915], [9.579926, 39.187079], [9.577891, 39.179389], [9.568533, 39.159369], [9.566417, 39.149237], [9.557791, 39.139716], [9.539561, 39.134019], [9.522716, 39.124905], [9.518565, 39.10456], [9.510753, 39.107978], [9.507091, 39.111396], [9.507579, 39.11636], [9.511892, 39.124416], [9.496349, 39.133612], [9.480724, 39.135565], [9.465343, 39.131903], [9.450369, 39.124416], [9.442882, 39.124416], [9.437999, 39.133368], [9.428966, 39.138617], [9.408702, 39.146145], [9.383474, 39.169257], [9.377696, 39.172797], [9.367931, 39.177151], [9.345063, 39.196438], [9.336681, 39.200751], [9.326182, 39.202786], [9.312266, 39.207913], [9.299571, 39.214504], [9.292166, 39.221259], [9.28533, 39.213813], [9.271251, 39.220526], [9.252452, 39.225165], [9.216319, 39.228013], [9.197439, 39.221137], [9.180919, 39.20718], [9.169688, 39.193345], [9.166026, 39.187079], [9.136892, 39.194322], [9.113536, 39.211493], [9.073009, 39.248521], [9.063731, 39.243069], [9.055512, 39.247545], [9.047537, 39.256008], [9.038748, 39.262193], [9.024425, 39.264838], [9.013927, 39.263902], [9.012543, 39.260565], [9.025727, 39.256008], [9.025727, 39.248521], [9.021007, 39.240424], [9.026866, 39.235745], [9.035167, 39.232164], [9.037852, 39.227118], [9.038748, 39.228013], [9.050059, 39.225653], [9.074962, 39.229885], [9.079845, 39.224595], [9.079845, 39.216539], [9.078949, 39.212348], [9.038585, 39.179023], [9.026215, 39.165229], [9.018321, 39.146145], [9.015961, 39.123847], [9.018728, 39.103949], [9.024587, 39.086127], [9.031993, 39.06977], [9.037771, 39.063666], [9.043793, 39.058417], [9.044932, 39.051256], [9.029307, 39.03026], [9.018321, 38.995307], [9.025727, 38.995307], [9.015147, 38.989651], [9.012055, 38.990668], [9.004649, 38.995307], [8.996349, 38.982815], [8.894705, 38.902289], [8.88795, 38.899848], [8.877452, 38.899075], [8.872406, 38.896064], [8.861339, 38.882066], [8.853282, 38.877997], [8.841482, 38.880561], [8.827891, 38.888821], [8.805431, 38.905951], [8.805431, 38.885443], [8.791026, 38.904446], [8.766612, 38.920396], [8.739513, 38.93065], [8.716563, 38.932603], [8.694591, 38.925238], [8.668793, 38.91059], [8.651622, 38.891547], [8.655121, 38.871161], [8.640961, 38.864325], [8.634776, 38.871161], [8.642833, 38.88996], [8.633149, 38.895575], [8.615571, 38.895941], [8.599864, 38.899075], [8.599864, 38.905951], [8.615001, 38.923], [8.615489, 38.947577], [8.603282, 38.964911], [8.580089, 38.960517], [8.572276, 39.013617], [8.559581, 39.056708], [8.552094, 39.056708], [8.544281, 39.051256], [8.520844, 39.060858], [8.504405, 39.062934], [8.509044, 39.067939], [8.518077, 39.083441], [8.504405, 39.090888], [8.482758, 39.08039], [8.482107, 39.084174], [8.47755, 39.090481], [8.473318, 39.107367], [8.465099, 39.119452], [8.454275, 39.124905], [8.442231, 39.11815], [8.437999, 39.128485], [8.43865, 39.153144], [8.435395, 39.165961], [8.428396, 39.173163], [8.418793, 39.177314], [8.412608, 39.175727], [8.415701, 39.165961], [8.409516, 39.169338], [8.40504, 39.174384], [8.402354, 39.181342], [8.401378, 39.190172], [8.398692, 39.201158], [8.392589, 39.204047], [8.385509, 39.204413], [8.380138, 39.207587], [8.372813, 39.222073], [8.371755, 39.230618], [8.37672, 39.23786], [8.426443, 39.283271], [8.43214, 39.301825], [8.415701, 39.323676], [8.417247, 39.339016], [8.382091, 39.359687], [8.374034, 39.378852], [8.378184, 39.387926], [8.395681, 39.404242], [8.401378, 39.412421], [8.40504, 39.427191], [8.403819, 39.435858], [8.389496, 39.462348], [8.385997, 39.465522], [8.386892, 39.469794], [8.394542, 39.48135], [8.421886, 39.508612], [8.435313, 39.525214], [8.451671, 39.558295], [8.46339, 39.57685], [8.455903, 39.584377], [8.463878, 39.597886], [8.462169, 39.617133], [8.449718, 39.65884], [8.446788, 39.704088], [8.442231, 39.714667], [8.442231, 39.721503], [8.446462, 39.730862], [8.444021, 39.757025], [8.446056, 39.762519], [8.459727, 39.760484], [8.468598, 39.75495], [8.499766, 39.716213], [8.516938, 39.702135], [8.538259, 39.696031], [8.565766, 39.701077], [8.514496, 39.71369], [8.504405, 39.721503], [8.506847, 39.738471], [8.519867, 39.755439], [8.535492, 39.770819], [8.545258, 39.782945], [8.538585, 39.782945], [8.535167, 39.776068], [8.530528, 39.770413], [8.524913, 39.765815], [8.518077, 39.762519], [8.529796, 39.772528], [8.540782, 39.789252], [8.548839, 39.807196], [8.552094, 39.820787], [8.555186, 39.852688], [8.553559, 39.863959], [8.545258, 39.878567], [8.523448, 39.898871], [8.494151, 39.912421], [8.463064, 39.91413], [8.435395, 39.898993], [8.442231, 39.892808], [8.445567, 39.898098], [8.449962, 39.899115], [8.455821, 39.898505], [8.46339, 39.898993], [8.451834, 39.89289], [8.444672, 39.883612], [8.435395, 39.858059], [8.428722, 39.865546], [8.437511, 39.876776], [8.431, 39.885199], [8.418305, 39.892279], [8.403575, 39.902899], [8.400727, 39.90351], [8.398285, 39.905341], [8.394542, 39.912665], [8.393565, 39.920478], [8.396332, 39.926947], [8.399913, 39.933173], [8.401378, 39.940009], [8.393565, 39.976874], [8.394542, 39.98843], [8.406505, 40.009833], [8.407074, 40.022203], [8.394542, 40.0362], [8.380138, 40.030097], [8.377208, 40.033759], [8.384532, 40.041938], [8.401378, 40.049872], [8.40447, 40.049506], [8.434825, 40.051011], [8.452403, 40.056098], [8.459727, 40.057318], [8.468598, 40.062161], [8.479015, 40.074164], [8.487315, 40.089545], [8.490001, 40.104478], [8.485118, 40.118109], [8.467296, 40.144721], [8.46339, 40.163153], [8.459646, 40.21601], [8.47641, 40.262152], [8.476085, 40.292141], [8.462901, 40.314521], [8.441254, 40.331448], [8.415701, 40.345282], [8.408214, 40.337836], [8.385997, 40.351793], [8.383556, 40.371772], [8.394542, 40.423814], [8.390473, 40.442328], [8.379893, 40.468695], [8.365571, 40.492133], [8.349864, 40.502346], [8.331716, 40.510688], [8.323904, 40.530829], [8.319591, 40.555609], [8.312022, 40.57807], [8.291515, 40.595364], [8.267345, 40.594062], [8.216319, 40.570624], [8.195974, 40.57807], [8.205333, 40.597805], [8.216319, 40.612209], [8.19337, 40.617499], [8.176606, 40.606594], [8.166189, 40.586412], [8.161794, 40.563788], [8.153087, 40.577786], [8.147309, 40.593207], [8.140636, 40.619045], [8.140636, 40.62519], [8.157725, 40.63227], [8.173839, 40.641588], [8.185313, 40.656562], [8.188487, 40.680487], [8.191091, 40.680406], [8.195567, 40.685289], [8.197439, 40.69123], [8.192149, 40.694159], [8.178966, 40.69477], [8.173839, 40.696967], [8.167979, 40.701606], [8.153331, 40.719713], [8.145844, 40.72602], [8.1338, 40.728909], [8.209646, 40.865424], [8.215343, 40.881415], [8.216319, 40.899604], [8.209727, 40.914455], [8.192149, 40.92064], [8.178884, 40.928168], [8.182302, 40.945299], [8.193044, 40.963772], [8.202159, 40.975287], [8.209646, 40.975287], [8.212576, 40.963446], [8.219981, 40.962307], [8.229015, 40.962551], [8.236176, 40.954779], [8.235525, 40.946479], [8.231619, 40.934516], [8.229259, 40.921576], [8.233165, 40.910102], [8.277843, 40.865424], [8.310232, 40.850653], [8.421886, 40.838772], [8.477875, 40.826158], [8.500987, 40.824449], [8.520518, 40.826972], [8.598399, 40.852973], [8.618337, 40.866156], [8.634288, 40.881578], [8.640961, 40.89647], [8.709158, 40.92064], [8.733897, 40.921291], [8.751231, 40.919135], [8.764415, 40.913804], [8.82252, 40.947333], [8.83961, 40.961615], [8.875336, 41.008124], [8.88795, 41.016262], [8.885916, 41.020087], [8.885916, 41.021226], [8.885265, 41.021796], [8.881114, 41.023668], [8.913097, 41.03266], [8.922699, 41.03677], [8.929454, 41.043647], [8.940115, 41.061184], [8.9463, 41.064643], [8.958751, 41.070014], [8.975759, 41.082668], [8.990733, 41.097357], [9.005544, 41.121894], [9.02475, 41.128852], [9.093028, 41.135199], [9.107758, 41.139472], [9.13559, 41.160305], [9.141856, 41.152777], [9.157563, 41.168891], [9.163422, 41.184149], [9.162852, 41.225409], [9.171072, 41.242906], [9.189952, 41.251125], [9.212413, 41.255805], [9.230642, 41.262641], [9.232677, 41.253567], [9.238292, 41.248847], [9.246918, 41.247748], [9.257823, 41.249661], [9.268077, 41.23664], [9.267426, 41.201972], [9.278331, 41.195014], [9.274669, 41.19953], [9.273611, 41.205146], [9.274913, 41.212388], [9.278331, 41.221747], [9.28533, 41.221747], [9.289317, 41.208726], [9.288341, 41.205756], [9.28533, 41.201239], [9.28533, 41.195014], [9.299571, 41.196479], [9.305431, 41.197943], [9.312511, 41.201239], [9.31658, 41.196479], [9.333018, 41.187567], [9.335216, 41.211656], [9.352061, 41.207261], [9.388194, 41.180732], [9.388194, 41.187567], [9.396658, 41.183905], [9.404063, 41.181708], [9.412283, 41.180732], [9.422374, 41.180732], [9.422374, 41.174506], [9.417003, 41.171454], [9.414317, 41.168199], [9.41212, 41.164537], [9.408702, 41.160305], [9.420177, 41.15644], [9.426606, 41.149237], [9.432791, 41.140774], [9.442882, 41.132961], [9.437022, 41.125434], [9.436778, 41.115383], [9.442882, 41.091986], [9.454112, 41.111965], [9.46046, 41.12051], [9.470063, 41.126125], [9.466807, 41.130683], [9.465099, 41.134426], [9.462413, 41.1376], [9.456554, 41.140367], [9.469086, 41.146186], [9.481456, 41.145575], [9.494395, 41.14232], [9.508067, 41.140367], [9.513927, 41.1435], [9.518403, 41.148668], [9.523936, 41.149726], [9.532237, 41.140367], [9.52475, 41.132961], [9.534353, 41.128119], [9.540782, 41.12287], [9.546153, 41.120917], [9.552745, 41.126125], [9.559581, 41.126125], [9.561209, 41.121812], [9.561778, 41.12108], [9.562999, 41.121243], [9.566417, 41.11933], [9.565115, 41.107123], [9.562266, 41.097113], [9.556407, 41.087836], [9.545909, 41.077704], [9.543793, 41.082506], [9.540782, 41.087348], [9.539073, 41.091986], [9.521251, 41.031684], [9.511892, 41.016262], [9.532237, 41.016262], [9.52475, 41.030504], [9.543142, 41.036933], [9.55421, 41.034613], [9.557628, 41.025051], [9.552745, 41.009467], [9.557791, 41.009426], [9.558604, 41.011054], [9.558279, 41.013617], [9.559581, 41.016262], [9.565684, 41.010932], [9.568614, 41.009508], [9.573253, 41.009467], [9.588145, 41.020697], [9.615733, 41.019599], [9.644298, 41.011664], [9.662608, 41.002631], [9.651215, 40.991116], [9.635997, 40.992377], [9.61964, 40.998765], [9.604259, 41.002631], [9.587576, 40.995795], [9.58253, 40.979926], [9.578868, 40.961982], [9.566417, 40.948635], [9.571137, 40.934882], [9.557465, 40.93122], [9.511892, 40.934312], [9.511241, 40.929389], [9.512543, 40.927965], [9.504242, 40.926907], [9.511974, 40.915188], [9.52003, 40.915025], [9.528982, 40.919257], [9.539073, 40.92064], [9.549327, 40.917222], [9.567231, 40.908393], [9.573253, 40.906399], [9.592784, 40.909898], [9.607677, 40.917873], [9.622569, 40.923774], [9.6421, 40.92064], [9.637218, 40.911566], [9.631521, 40.904853], [9.623871, 40.900702], [9.614106, 40.899604], [9.614106, 40.893378], [9.650076, 40.879462], [9.655772, 40.876044], [9.657725, 40.863959], [9.663259, 40.858222], [9.671723, 40.85871], [9.683116, 40.865424], [9.689789, 40.855862], [9.699392, 40.850043], [9.710948, 40.846869], [9.723969, 40.844916], [9.691091, 40.836249], [9.681, 40.829779], [9.689789, 40.817043], [9.689789, 40.810777], [9.67449, 40.81391], [9.661794, 40.809027], [9.657888, 40.799872], [9.668793, 40.790351], [9.66977, 40.801459], [9.675792, 40.788642], [9.703949, 40.759426], [9.710297, 40.745592], [9.714203, 40.72724], [9.744477, 40.680487], [9.748302, 40.667222], [9.753184, 40.605292], [9.756521, 40.59516], [9.761567, 40.587348], [9.768077, 40.584296], [9.781912, 40.581977], [9.785818, 40.575873], [9.786876, 40.567125], [9.792247, 40.556952]]], [[[10.895844, 42.386705], [10.91346, 42.375241], [10.927307, 42.353301], [10.929558, 42.34056], [10.939764, 42.33066], [10.923331, 42.318728], [10.908946, 42.325263], [10.871702, 42.354052], [10.861827, 42.366278], [10.876368, 42.374439], [10.875824, 42.386786], [10.882986, 42.392157], [10.895844, 42.386705]]], [[[10.44337, 42.845445], [10.436046, 42.838121], [10.431163, 42.827867], [10.430675, 42.816148], [10.436697, 42.804429], [10.430024, 42.787584], [10.420258, 42.776435], [10.406912, 42.768988], [10.388845, 42.763495], [10.40797, 42.75727], [10.425141, 42.74079], [10.430675, 42.722113], [10.415538, 42.708889], [10.410981, 42.717963], [10.403331, 42.718899], [10.39324, 42.718207], [10.381358, 42.722561], [10.377289, 42.727973], [10.367198, 42.745998], [10.364268, 42.749823], [10.351248, 42.755683], [10.337901, 42.764838], [10.325043, 42.764838], [10.313731, 42.742987], [10.304535, 42.759752], [10.265391, 42.744574], [10.245372, 42.75727], [10.240001, 42.741889], [10.235199, 42.735907], [10.229666, 42.735419], [10.147227, 42.737291], [10.124848, 42.743109], [10.106781, 42.757392], [10.10141, 42.784003], [10.111664, 42.801256], [10.132986, 42.811916], [10.158214, 42.817288], [10.179535, 42.818752], [10.189952, 42.816881], [10.212169, 42.807847], [10.224376, 42.804429], [10.242198, 42.803168], [10.26588, 42.804429], [10.264903, 42.809394], [10.264334, 42.810452], [10.262706, 42.810248], [10.259044, 42.811916], [10.272146, 42.818752], [10.272146, 42.826239], [10.272146, 42.827338], [10.289317, 42.825629], [10.326834, 42.826239], [10.322113, 42.811713], [10.332774, 42.805976], [10.347341, 42.805854], [10.354666, 42.808173], [10.358084, 42.817532], [10.365977, 42.822943], [10.374766, 42.827094], [10.381358, 42.832424], [10.3921, 42.857978], [10.399913, 42.868842], [10.412364, 42.873358], [10.422048, 42.870836], [10.431, 42.864447], [10.438487, 42.855455], [10.44337, 42.845445]]], [[[9.840099, 43.065172], [9.841807, 43.063422], [9.843923, 43.060696], [9.847504, 43.05858], [9.854811, 43.044275], [9.842127, 43.024956], [9.822954, 43.008459], [9.801498, 43.007805], [9.784595, 43.028442], [9.806944, 43.066408], [9.825777, 43.07463], [9.840099, 43.065172]]], [[[12.352061, 45.405463], [12.371837, 45.424872], [12.389171, 45.433539], [12.407481, 45.43065], [12.430919, 45.415676], [12.418224, 45.420356], [12.404796, 45.422268], [12.376231, 45.422553], [12.321462, 45.348009], [12.319998, 45.354153], [12.327891, 45.37226], [12.352061, 45.405463]]], [[[12.859874, 35.872219], [12.867035, 35.87226], [12.874034, 35.866441], [12.87672, 35.855862], [12.872569, 35.852281], [12.856944, 35.852281], [12.850922, 35.855902], [12.845876, 35.862698], [12.847016, 35.868313], [12.853526, 35.871243], [12.859874, 35.872219]]], [[[14.346446, 38.535142], [14.342784, 38.547268], [14.357188, 38.551215], [14.36085, 38.539049], [14.346446, 38.535142]]], [[[14.57602, 38.576646], [14.5796, 38.566148], [14.585216, 38.560981], [14.58546, 38.55744], [14.573578, 38.556545], [14.551606, 38.561591], [14.543712, 38.57453], [14.542491, 38.586859], [14.546235, 38.587958], [14.563975, 38.58454], [14.57602, 38.576646]]], [[[13.169281, 38.717271], [13.18572, 38.717515], [13.195974, 38.711493], [13.197439, 38.708319], [13.176768, 38.69302], [13.165212, 38.691067], [13.153494, 38.69477], [13.153087, 38.702297], [13.157888, 38.709866], [13.169281, 38.717271]]], [[[15.227794, 38.810289], [15.23463, 38.807807], [15.239268, 38.804023], [15.237478, 38.795966], [15.232432, 38.789293], [15.229666, 38.783026], [15.22462, 38.776801], [15.217459, 38.773017], [15.206065, 38.775214], [15.187022, 38.789008], [15.187022, 38.792711], [15.194102, 38.798082], [15.203624, 38.801581], [15.208751, 38.805894], [15.212087, 38.810452], [15.218598, 38.811957], [15.227794, 38.810289]]], [[[13.418956, 40.7956], [13.424164, 40.800238], [13.431977, 40.801459], [13.426931, 40.790839], [13.414724, 40.785875], [13.418956, 40.7956]]], [[[12.621755, 35.509752], [12.621267, 35.508246], [12.623871, 35.501614], [12.621267, 35.492336], [12.611095, 35.489244], [12.603038, 35.4914], [12.598318, 35.49433], [12.593923, 35.494452], [12.555675, 35.508043], [12.536143, 35.5126], [12.526134, 35.516669], [12.533865, 35.521633], [12.555675, 35.521226], [12.566905, 35.519029], [12.612804, 35.515326], [12.621267, 35.513373], [12.623709, 35.511908], [12.621755, 35.509752]]], [[[12.072276, 37.967922], [12.077891, 37.96011], [12.079275, 37.950263], [12.064789, 37.950832], [12.047618, 37.960761], [12.03712, 37.9737], [12.030447, 37.984361], [12.035981, 37.991034], [12.053559, 37.992418], [12.064464, 37.986233], [12.072276, 37.967922]]], [[[9.474783, 41.23607], [9.478363, 41.228461], [9.479503, 41.224189], [9.479259, 41.216946], [9.471039, 41.189602], [9.474376, 41.184272], [9.474864, 41.179267], [9.470388, 41.172105], [9.464366, 41.172675], [9.456391, 41.18065], [9.448741, 41.185533], [9.441661, 41.183051], [9.437022, 41.18594], [9.447765, 41.205064], [9.443533, 41.211493], [9.446462, 41.220404], [9.453868, 41.233954], [9.459972, 41.242377], [9.468028, 41.241116], [9.474783, 41.23607]]], [[[9.430919, 41.224799], [9.434255, 41.220608], [9.435313, 41.217027], [9.395274, 41.210598], [9.376964, 41.213324], [9.373057, 41.22191], [9.373057, 41.229885], [9.377615, 41.233832], [9.384939, 41.236518], [9.391856, 41.240709], [9.396251, 41.247748], [9.39796, 41.256049], [9.402192, 41.257514], [9.40797, 41.258124], [9.414236, 41.262437], [9.421886, 41.260891], [9.427419, 41.254096], [9.430512, 41.246283], [9.430431, 41.237779], [9.429047, 41.229397], [9.430919, 41.224799]]], [[[10.297048, 42.344875], [10.306407, 42.351549], [10.315929, 42.340766], [10.313243, 42.32392], [10.294444, 42.32803], [10.297048, 42.344875]]], [[[10.091645, 42.595771], [10.096039, 42.590725], [10.097911, 42.587958], [10.097911, 42.583889], [10.095388, 42.576972], [10.085785, 42.572455], [10.071788, 42.57274], [10.058604, 42.575995], [10.050304, 42.581936], [10.052582, 42.589016], [10.062755, 42.592027], [10.072602, 42.600409], [10.079438, 42.613918], [10.084321, 42.614691], [10.087657, 42.60399], [10.091645, 42.595771]]], [[[12.329845, 45.458808], [12.347179, 45.458808], [12.36378, 45.449652], [12.362071, 45.438137], [12.352224, 45.433987], [12.33725, 45.427395], [12.320649, 45.429836], [12.31658, 45.443061], [12.329845, 45.458808]]]]}}, {"type": "Feature", "properties": {"country": "switzerland"}, "geometry": {"type": "Polygon", "coordinates": [[[10.453811, 46.864427], [10.44854, 46.832233], [10.444923, 46.823241], [10.439032, 46.816885], [10.417224, 46.79885], [10.419085, 46.783967], [10.426216, 46.76942], [10.428696, 46.755648], [10.416604, 46.743014], [10.399654, 46.735546], [10.395623, 46.7264], [10.396554, 46.715005], [10.394383, 46.70082], [10.384771, 46.689012], [10.373919, 46.681906], [10.369165, 46.672398], [10.377537, 46.653277], [10.395623, 46.638808], [10.438205, 46.635656], [10.459082, 46.623564], [10.466627, 46.604288], [10.465903, 46.578476], [10.457945, 46.553697], [10.451833, 46.546702], [10.443993, 46.537729], [10.425906, 46.535326], [10.354282, 46.548323], [10.319452, 46.546049], [10.306637, 46.547496], [10.295371, 46.551087], [10.289067, 46.555687], [10.283796, 46.560725], [10.275941, 46.565531], [10.234703, 46.575298], [10.230259, 46.58615], [10.235737, 46.606691], [10.233773, 46.617982], [10.217856, 46.626974], [10.192122, 46.626819], [10.09745, 46.608035], [10.087839, 46.604392], [10.083498, 46.597002], [10.071199, 46.564394], [10.062931, 46.556746], [10.04133, 46.541863], [10.032752, 46.532975], [10.031408, 46.525792], [10.031201, 46.503829], [10.02686, 46.493184], [10.028101, 46.483934], [10.030478, 46.476673], [10.035335, 46.471066], [10.044017, 46.466984], [10.026344, 46.446262], [10.042053, 46.432722], [10.071405, 46.424816], [10.116157, 46.418822], [10.133417, 46.414016], [10.140755, 46.402905], [10.13321, 46.381098], [10.125976, 46.37438], [10.104995, 46.361357], [10.09745, 46.351642], [10.092386, 46.338103], [10.091766, 46.328956], [10.095797, 46.320533], [10.104892, 46.309371], [10.14613, 46.280277], [10.158945, 46.262449], [10.14582, 46.243328], [10.117914, 46.231133], [10.075746, 46.220022], [10.042673, 46.220487], [10.041847, 46.24307], [10.031718, 46.260072], [9.992237, 46.284359], [9.977561, 46.298105], [9.97105, 46.320016], [9.970636, 46.339808], [9.964022, 46.356086], [9.93901, 46.367455], [9.918443, 46.37115], [9.899013, 46.372158], [9.855398, 46.366964], [9.788839, 46.343296], [9.768065, 46.33862], [9.755249, 46.340532], [9.730858, 46.350712], [9.720109, 46.350893], [9.709257, 46.342392], [9.707293, 46.330972], [9.708844, 46.319629], [9.70843, 46.311748], [9.693134, 46.297072], [9.674324, 46.291801], [9.559705, 46.292731], [9.536451, 46.298622], [9.515264, 46.308596], [9.502551, 46.32074], [9.482604, 46.35681], [9.473716, 46.361874], [9.451598, 46.370375], [9.444364, 46.375284], [9.4424, 46.380891], [9.443847, 46.396136], [9.437852, 46.492047], [9.434648, 46.498326], [9.426794, 46.497111], [9.410671, 46.488895], [9.403849, 46.482513], [9.400335, 46.475407], [9.395478, 46.469413], [9.384626, 46.466416], [9.377081, 46.468689], [9.351553, 46.485484], [9.350829, 46.497861], [9.330986, 46.501504], [9.282306, 46.49737], [9.263186, 46.485122], [9.245823, 46.461041], [9.237968, 46.436547], [9.24758, 46.423033], [9.260912, 46.416651], [9.262876, 46.406626], [9.260292, 46.394017], [9.260396, 46.379728], [9.273831, 46.344252], [9.275175, 46.331385], [9.268974, 46.309371], [9.239725, 46.266996], [9.224842, 46.231184], [9.215747, 46.221056], [9.204172, 46.213563], [9.192183, 46.209635], [9.181331, 46.204054], [9.17575, 46.194132], [9.171099, 46.182609], [9.163788, 46.172989], [9.163244, 46.172273], [9.090587, 46.138167], [9.072087, 46.118892], [9.068159, 46.105972], [9.07033, 46.083441], [9.067126, 46.071142], [9.059168, 46.061789], [9.049659, 46.057913], [9.027748, 46.053107], [9.002117, 46.03931], [8.997776, 46.027941], [9.015553, 45.993111], [8.982686, 45.971975], [8.980516, 45.969495], [8.979793, 45.966911], [8.980516, 45.964379], [8.982686, 45.961847], [8.993435, 45.95425], [9.001703, 45.93606], [9.010798, 45.926655], [9.020514, 45.922779], [9.042321, 45.919731], [9.051726, 45.915545], [9.063095, 45.898957], [9.059271, 45.881955], [9.034363, 45.848107], [9.002427, 45.820718], [8.972351, 45.824646], [8.939588, 45.834826], [8.900004, 45.826403], [8.903725, 45.841802], [8.909719, 45.853688], [8.91375, 45.86609], [8.912096, 45.883402], [8.906515, 45.896476], [8.898144, 45.90955], [8.88078, 45.931099], [8.870962, 45.947067], [8.864451, 45.953424], [8.857733, 45.957093], [8.800372, 45.978538], [8.785076, 45.982311], [8.767919, 45.983086], [8.769573, 45.985773], [8.773397, 45.990579], [8.790967, 46.018691], [8.819596, 46.042927], [8.834375, 46.066388], [8.80895, 46.089746], [8.793861, 46.093415], [8.763165, 46.092898], [8.747145, 46.094449], [8.739497, 46.098066], [8.732159, 46.107419], [8.728983, 46.108233], [8.723891, 46.109538], [8.71769, 46.107523], [8.702187, 46.097963], [8.695055, 46.095172], [8.677485, 46.095792], [8.630873, 46.114706], [8.611546, 46.119357], [8.601831, 46.122819], [8.538682, 46.187621], [8.51026, 46.207878], [8.482665, 46.217542], [8.456517, 46.224828], [8.43812, 46.23537], [8.427165, 46.251442], [8.423237, 46.275833], [8.426648, 46.301568], [8.442874, 46.353373], [8.446285, 46.382183], [8.445768, 46.412362], [8.441634, 46.434945], [8.427888, 46.44869], [8.399156, 46.452179], [8.385907, 46.450206], [8.343449, 46.443885], [8.316267, 46.433653], [8.294976, 46.418046], [8.286605, 46.40536], [8.290429, 46.401122], [8.297043, 46.397634], [8.297457, 46.387506], [8.291462, 46.378359], [8.281541, 46.370116], [8.270068, 46.364044], [8.24175, 46.354123], [8.192554, 46.309164], [8.171883, 46.299191], [8.128475, 46.292473], [8.106874, 46.285548], [8.087341, 46.271802], [8.077315, 46.262035], [8.073078, 46.253612], [8.076592, 46.249736], [8.09995, 46.235629], [8.129509, 46.196044], [8.132299, 46.159354], [8.110595, 46.126953], [8.066877, 46.100598], [8.056025, 46.098066], [8.035354, 46.096516], [8.025329, 46.091141], [8.018197, 46.080858], [8.016027, 46.069385], [8.015924, 46.058172], [8.010653, 46.029698], [8.008792, 46.027683], [7.999077, 46.0128], [7.998354, 46.010629], [7.985848, 45.999312], [7.978717, 45.995178], [7.969105, 45.993111], [7.898205, 45.981949], [7.883782, 45.973869], [7.872917, 45.959383], [7.870201, 45.94037], [7.84962, 45.939712], [7.848389, 45.938076], [7.845288, 45.927792], [7.846115, 45.922573], [7.843738, 45.919214], [7.831232, 45.91446], [7.825444, 45.914666], [7.807564, 45.91849], [7.780072, 45.918129], [7.732013, 45.930376], [7.722195, 45.929601], [7.71465, 45.92712], [7.706279, 45.925725], [7.69398, 45.928671], [7.692533, 45.931203], [7.673722, 45.950323], [7.658736, 45.960038], [7.643027, 45.966343], [7.541121, 45.984119], [7.524377, 45.978073], [7.514662, 45.966704], [7.503707, 45.956731], [7.482726, 45.954871], [7.452961, 45.945879], [7.393843, 45.9157], [7.361803, 45.907845], [7.286666, 45.913426], [7.27354, 45.910274], [7.245428, 45.89813], [7.183726, 45.880456], [7.153547, 45.876529], [7.120888, 45.876116], [7.090192, 45.880508], [7.066938, 45.890223], [7.022083, 45.92526], [7.015158, 45.933321], [7.009784, 45.943398], [7.002756, 45.961692], [6.991283, 45.982466], [6.987666, 45.993111], [6.982808, 45.995385], [6.915112, 46.048612], [6.892375, 46.055588], [6.884003, 46.053211], [6.876872, 46.048095], [6.869224, 46.044064], [6.859715, 46.044994], [6.85093, 46.049645], [6.85031, 46.052746], [6.852377, 46.056931], [6.851964, 46.064683], [6.853411, 46.065665], [6.853101, 46.076103], [6.851344, 46.086025], [6.848553, 46.085043], [6.853101, 46.090211], [6.861162, 46.097032], [6.86819, 46.10468], [6.869224, 46.112329], [6.853927, 46.122612], [6.774346, 46.134808], [6.765664, 46.151603], [6.774863, 46.185864], [6.792226, 46.221676], [6.827676, 46.269477], [6.804938, 46.296607], [6.769488, 46.322678], [6.750368, 46.345518], [6.755742, 46.357068], [6.782097, 46.378462], [6.789229, 46.395205], [6.788107, 46.405008], [6.787058, 46.414171], [6.777716, 46.424106], [6.762667, 46.42926], [6.613684, 46.455899], [6.547021, 46.457372], [6.482942, 46.448587], [6.397676, 46.408176], [6.365223, 46.40244], [6.332357, 46.401381], [6.301558, 46.394482], [6.269105, 46.375026], [6.24058, 46.348955], [6.219496, 46.329111], [6.214122, 46.315469], [6.218256, 46.305495], [6.227454, 46.288494], [6.227971, 46.284463], [6.237583, 46.267926], [6.24182, 46.263689], [6.252259, 46.259916], [6.269002, 46.265239], [6.27603, 46.26312], [6.281198, 46.240073], [6.255359, 46.221107], [6.191384, 46.191704], [6.140328, 46.150207], [6.107875, 46.138632], [6.073872, 46.149174], [6.028293, 46.147934], [5.982921, 46.140441], [5.95884, 46.130467], [5.972172, 46.152171], [5.979821, 46.162248], [5.982921, 46.170826], [5.965248, 46.186226], [5.954809, 46.19992], [5.95853, 46.211961], [5.982921, 46.222709], [6.042866, 46.24307], [6.044519, 46.243432], [6.046173, 46.243535], [6.048033, 46.243432], [6.055888, 46.241675], [6.061883, 46.241158], [6.067671, 46.241623], [6.089685, 46.246377], [6.094026, 46.253044], [6.093095, 46.262294], [6.093612, 46.273094], [6.100743, 46.301413], [6.104051, 46.309216], [6.118607, 46.331771], [6.1364, 46.359342], [6.135057, 46.370401], [6.122861, 46.385542], [6.108185, 46.396497], [6.059019, 46.417383], [6.054235, 46.419416], [6.065707, 46.427012], [6.067567, 46.433601], [6.0655, 46.440371], [6.0655, 46.447993], [6.064777, 46.451068], [6.0624, 46.455202], [6.060229, 46.459904], [6.060229, 46.46502], [6.064157, 46.471118], [6.075525, 46.479593], [6.110355, 46.520831], [6.145702, 46.55163], [6.121517, 46.570285], [6.118417, 46.583463], [6.131853, 46.595607], [6.266315, 46.680356], [6.337938, 46.707409], [6.34786, 46.71317], [6.374215, 46.733609], [6.407391, 46.745701], [6.417933, 46.751101], [6.429199, 46.760816], [6.433023, 46.76911], [6.432609, 46.785983], [6.425168, 46.791615], [6.419897, 46.796525], [6.417107, 46.802157], [6.418554, 46.807015], [6.434263, 46.839545], [6.441188, 46.848149], [6.443118, 46.851455], [6.446769, 46.857709], [6.448422, 46.871559], [6.445219, 46.882617], [6.431886, 46.900032], [6.427752, 46.909076], [6.442635, 46.944164], [6.491107, 46.963388], [6.598698, 46.986539], [6.665412, 47.021291], [6.688253, 47.043848], [6.676264, 47.0624], [6.6897, 47.07829], [6.699105, 47.084621], [6.72422, 47.09077], [6.72794, 47.097126], [6.731661, 47.098883], [6.746027, 47.103948], [6.744787, 47.121053], [6.774759, 47.128184], [6.838076, 47.168132], [6.840285, 47.169525], [6.859302, 47.190919], [6.888344, 47.211305], [6.956247, 47.245231], [6.952216, 47.270036], [6.958624, 47.290551], [6.977434, 47.303729], [6.986529, 47.304504], [6.991904, 47.305951], [7.006476, 47.319361], [7.016915, 47.323521], [7.027147, 47.325433], [7.036552, 47.329515], [7.044303, 47.340497], [7.033865, 47.350651], [7.018879, 47.359901], [7.003996, 47.368143], [6.985599, 47.362123], [6.86664, 47.354165], [6.871601, 47.366955], [6.884003, 47.382587], [6.898783, 47.395713], [6.924517, 47.405996], [6.926068, 47.424858], [6.952319, 47.428837], [6.968546, 47.435194], [6.983429, 47.443798], [6.990973, 47.452221], [6.986116, 47.464132], [6.97578, 47.477956], [6.9733, 47.489092], [6.991904, 47.492942], [7.000792, 47.49767], [7.009784, 47.499247], [7.018879, 47.49767], [7.027974, 47.492942], [7.053915, 47.490384], [7.103731, 47.496275], [7.127296, 47.492942], [7.140318, 47.487852], [7.142169, 47.487651], [7.153651, 47.486405], [7.180833, 47.488265], [7.162642, 47.459895], [7.168327, 47.443565], [7.190031, 47.434728], [7.219383, 47.428476], [7.223517, 47.426228], [7.226308, 47.422636], [7.230339, 47.419019], [7.23809, 47.416797], [7.244808, 47.417727], [7.282635, 47.428889], [7.309093, 47.432661], [7.33693, 47.431854], [7.378547, 47.430646], [7.388219, 47.433289], [7.406349, 47.438242], [7.420563, 47.450857], [7.426089, 47.455761], [7.429293, 47.465114], [7.427639, 47.470747], [7.422782, 47.475424], [7.419474, 47.477852], [7.41441, 47.484028], [7.414307, 47.490177], [7.425986, 47.492503], [7.441488, 47.488834], [7.445996, 47.486884], [7.454511, 47.483201], [7.46743, 47.481909], [7.482726, 47.491263], [7.484483, 47.492942], [7.485827, 47.495784], [7.48593, 47.498394], [7.485776, 47.498768], [7.484897, 47.5009], [7.477765, 47.507696], [7.475595, 47.511726], [7.476939, 47.514879], [7.482726, 47.516997], [7.493062, 47.515499], [7.501123, 47.517307], [7.505464, 47.523018], [7.505154, 47.533017], [7.501743, 47.532965], [7.485103, 47.541595], [7.482726, 47.542267], [7.520867, 47.563416], [7.526341, 47.566452], [7.550319, 47.575495], [7.585483, 47.584479], [7.586028, 47.584619], [7.637032, 47.594977], [7.659666, 47.596579], [7.646541, 47.571542], [7.635895, 47.564591], [7.612337, 47.564731], [7.609747, 47.564746], [7.646901, 47.551445], [7.661423, 47.546246], [7.683438, 47.544257], [7.72732, 47.550423], [7.76674, 47.555961], [7.78555, 47.563196], [7.801467, 47.576089], [7.819657, 47.595339], [7.833713, 47.590481], [7.898205, 47.587846], [7.904303, 47.583557], [7.907507, 47.574177], [7.90947, 47.564798], [7.912157, 47.560561], [8.042279, 47.560561], [8.087237, 47.567382], [8.096952, 47.571852], [8.101397, 47.576193], [8.105427, 47.581257], [8.113902, 47.587846], [8.122067, 47.592135], [8.143771, 47.600067], [8.162065, 47.603762], [8.168886, 47.608646], [8.173847, 47.613529], [8.179015, 47.615803], [8.232965, 47.621952], [8.251051, 47.622004], [8.276993, 47.61663], [8.288569, 47.615803], [8.293943, 47.611462], [8.299317, 47.601824], [8.306345, 47.592187], [8.316164, 47.587846], [8.354094, 47.581024], [8.41807, 47.580766], [8.4211, 47.581112], [8.448869, 47.58428], [8.450109, 47.589034], [8.461788, 47.606139], [8.49238, 47.619833], [8.522353, 47.621901], [8.537752, 47.612134], [8.549638, 47.598594], [8.551719, 47.596863], [8.560697, 47.589396], [8.574133, 47.592445], [8.576305, 47.595023], [8.580644, 47.600171], [8.581781, 47.607664], [8.581264, 47.614769], [8.582504, 47.62159], [8.582091, 47.625027], [8.579714, 47.628929], [8.57806, 47.633476], [8.580334, 47.639005], [8.583951, 47.641124], [8.589222, 47.642468], [8.593563, 47.642571], [8.594493, 47.640969], [8.595113, 47.63482], [8.601624, 47.632598], [8.607309, 47.656291], [8.598214, 47.656885], [8.593589, 47.658169], [8.582194, 47.66133], [8.568241, 47.662932], [8.519666, 47.657351], [8.504679, 47.65226], [8.49083, 47.645568], [8.476051, 47.640401], [8.458274, 47.639884], [8.437603, 47.647842], [8.411972, 47.661045], [8.407011, 47.661562], [8.391301, 47.665464], [8.397709, 47.67629], [8.395229, 47.684817], [8.390991, 47.692129], [8.392128, 47.699519], [8.401947, 47.707089], [8.427268, 47.716468], [8.437913, 47.723186], [8.445458, 47.743185], [8.450109, 47.750471], [8.463648, 47.763907], [8.471503, 47.76706], [8.482665, 47.766853], [8.536512, 47.774088], [8.551602, 47.779255], [8.5423, 47.795017], [8.558216, 47.801166], [8.583124, 47.800236], [8.601624, 47.794603], [8.603175, 47.787317], [8.604105, 47.774398], [8.607619, 47.762254], [8.617437, 47.757319], [8.62984, 47.762796], [8.635007, 47.784604], [8.644102, 47.791012], [8.657022, 47.788118], [8.666633, 47.778273], [8.674488, 47.766698], [8.68193, 47.75874], [8.692265, 47.757164], [8.703324, 47.758714], [8.713142, 47.757422], [8.719757, 47.747319], [8.71707, 47.743547], [8.703737, 47.730033], [8.70043, 47.723496], [8.704667, 47.715332], [8.712625, 47.708691], [8.715106, 47.701069], [8.71707, 47.694558], [8.769883, 47.695074], [8.761718, 47.70125], [8.77071, 47.720861], [8.797581, 47.720034], [8.830241, 47.707192], [8.856079, 47.690682], [8.837682, 47.687788], [8.837786, 47.680838], [8.851935, 47.671282], [8.852668, 47.670786], [8.881711, 47.656136], [8.906205, 47.651795], [8.945376, 47.654302], [8.981756, 47.662156], [8.997673, 47.673835], [9.016586, 47.6789], [9.128104, 47.670425], [9.183398, 47.670425], [9.196937, 47.656136], [9.234351, 47.656162], [9.273211, 47.65009], [9.547482, 47.534547], [9.553059, 47.516891], [9.554951, 47.5109], [9.58451, 47.480721], [9.621717, 47.469197], [9.650346, 47.452092], [9.649519, 47.409717], [9.639804, 47.394524], [9.601047, 47.36127], [9.596396, 47.352305], [9.591228, 47.334683], [9.587404, 47.32781], [9.553298, 47.299853], [9.521155, 47.262801], [9.504618, 47.243732], [9.487358, 47.210014], [9.484981, 47.176346], [9.492629, 47.15981], [9.503481, 47.145392], [9.511853, 47.129372], [9.51237, 47.10803], [9.502861, 47.094698], [9.487565, 47.083949], [9.475886, 47.073226], [9.477023, 47.063898], [9.499554, 47.059351], [9.560636, 47.0524], [9.581203, 47.05687], [9.59991, 47.053486], [9.65231, 47.05793], [9.669053, 47.056199], [9.857982, 47.015478], [9.856328, 47.004083], [9.860566, 47.001602], [9.866767, 47.001938], [9.870591, 46.998838], [9.870591, 46.992947], [9.866457, 46.983387], [9.863976, 46.959925], [9.860772, 46.949151], [9.862426, 46.939772], [9.875138, 46.927421], [9.899943, 46.914398], [10.006913, 46.890757], [10.045567, 46.865564], [10.068098, 46.856624], [10.1113, 46.847116], [10.125188, 46.846751], [10.13197, 46.846573], [10.157808, 46.851612], [10.201423, 46.86683], [10.211655, 46.877036], [10.214342, 46.884685], [10.215169, 46.893108], [10.219924, 46.905769], [10.235116, 46.923313], [10.251343, 46.92538], [10.270773, 46.921892], [10.295681, 46.922693], [10.296198, 46.941374], [10.313665, 46.964318], [10.338883, 46.98411], [10.367925, 46.995505], [10.373403, 46.996254], [10.378984, 46.995505], [10.384255, 46.993153], [10.384358, 46.993153], [10.384358, 46.992998], [10.394693, 46.985402], [10.415571, 46.962406], [10.449574, 46.943906], [10.458462, 46.936619], [10.463836, 46.919747], [10.451434, 46.88577], [10.453811, 46.864427]]]}}]}